,zCMB,mB,x1,c,HOST_LOGMASS,IDSURVEY,zHEL,RA,DEC,x1ERR,cERR,COV_x1_c
03D1au_4.0,0.5030833360936708,22.73829,1.26007,-0.0173181,9.517,4.0,0.5043,36.043201,-4.0375,0.15011,0.0295857,6.96809e-06
03D1aw_4.0,0.5807237542974675,23.30647,0.99829,-0.0292815,9.169,4.0,0.582,36.0616,-4.5172,0.27584,0.0362218,0.00164969
03D1ax_4.0,0.49571438668608425,22.69667,-0.734029,-0.105749,11.5,4.0,0.49692,36.097198,-4.7207,0.10212,0.0297562,1.32497e-05
03D1bp_4.0,0.3459277812642381,22.13306,-1.15321,-0.0486941,10.821,4.0,0.347,36.6572,-4.8388,0.11161,0.0263357,0.000314948
03D1co_4.0,0.6776617181014674,23.81052,0.67911,-0.0396083,8.647,4.0,0.679,36.567699,-4.9351,0.40655,0.0665358,0.00623951
03D1fc_4.0,0.3309314577292558,21.60059,0.65439,-0.0230312,10.391,4.0,0.332,36.431599,-4.1441,0.11829,0.0237687,0.000530981
03D1fq_4.0,0.7985657314748162,24.22321,-1.02335,-0.0414917,10.651,4.0,0.8,36.731899,-4.3022,0.42081,0.0647232,0.00315076
03D4at_4.0,0.632223919708499,23.47155,0.21129,-0.056573,8.751,4.0,0.634,333.600189,-17.776699,0.32719,0.0665746,0.00133045
03D4au_4.0,0.46640504438015423,23.53161,0.35918,0.1162,9.464,4.0,0.468,334.041412,-18.0776,0.33294,0.0426701,0.000831949
03D4cj_4.0,0.2686160441671235,20.79794,1.14475,-0.0834523,7.0,4.0,0.27,334.027588,-17.7047,0.0852524,0.023198,-3.47548e-05
03D4cz_4.0,0.6931550186743434,23.76006,-1.76537,-0.068748,10.389,4.0,0.695,334.174408,-17.9263,0.36781,0.0842537,0.00657405
03D4dh_4.0,0.6252231446286112,23.11166,1.13855,-0.076925,9.414,4.0,0.627,334.379303,-17.6297,0.17837,0.0346119,8.34977e-05
03D4dy_4.0,0.6082516759585219,22.978,1.17176,-0.10218,7.0,4.0,0.61,333.71051,-17.956499,0.18431,0.035213,0.000564202
03D4fd_4.0,0.7890431480679144,23.93821,0.82118,-0.0360254,10.005,4.0,0.791,334.060211,-17.395599,0.48128,0.0656315,0.00489704
03D4gf_4.0,0.5782820559813229,23.05885,0.52452,-0.0369076,7.638,4.0,0.58,333.595612,-17.733999,0.31579,0.0373738,0.0025011
03D4gg_4.0,0.5902705781637383,23.16523,0.99441,0.0137963,10.162,4.0,0.592,334.167511,-18.164499,0.43532,0.0390316,0.000310411
04D1aj_4.0,0.7196260770253619,23.62158,0.3801,-0.0276956,7.0,4.0,0.721,36.4748,-4.9946,0.35878,0.0663833,0.00143965
04D1de_4.0,0.7665896801964046,23.85305,0.90425,-0.12298,9.64,4.0,0.768,36.649601,-4.4226,0.24322,0.0542488,-0.00052016
04D1hd_4.0,0.3679039094787778,21.89532,0.78582,-0.0975472,8.199,4.0,0.369,36.5368,-4.1096,0.067924,0.0219068,-0.000130244
04D1hx_4.0,0.5587459782077486,23.43864,0.27611,0.11205,9.645,4.0,0.56,36.177101,-4.7903,0.19087,0.0343222,1.15387e-05
04D1jg_4.0,0.5829321482167401,23.00785,0.26232,-0.106769,11.338,4.0,0.5842,36.552299,-4.1348,0.15731,0.0326779,0.000492668
04D1kj_4.0,0.5837423984350648,23.07169,0.21618,-0.0689804,9.929,4.0,0.585,36.969398,-4.1803,0.126,0.0287054,-2.19727e-05
04D1ks_4.0,0.7965520283025396,23.8463,0.68862,0.1049,7.966,4.0,0.798,36.0396,-4.9787,0.26157,0.0601819,0.00116796
04D1oh_4.0,0.5887206607755485,23.13346,-0.0773052,-0.0718245,9.17,4.0,0.59,36.2598,-4.2362,0.20659,0.0318518,0.000667221
04D1pc_4.0,0.7685866295578789,24.2636,-0.434616,0.0918405,10.418,4.0,0.77,36.603699,-4.3994,0.33791,0.0618927,0.00349927
04D1pg_4.0,0.5137929815664396,23.31379,0.98811,0.10301,9.808,4.0,0.515,36.7673,-4.1753,0.1972,0.0349111,0.00126171
04D1pp_4.0,0.7336081709647492,23.70692,-1.38223,-0.114244,11.382,4.0,0.735,36.301998,-4.7016,0.21307,0.0513036,0.000340284
04D1pu_4.0,0.637700328679314,23.74719,-1.59949,0.0967588,9.314,4.0,0.639,36.868599,-4.7449,0.37149,0.080719,0.00689405
04D1qd_4.0,0.7655880966433809,23.96641,0.17992,0.0164945,10.496,4.0,0.767,36.637798,-4.1072,0.27421,0.0523451,0.00250051
04D1rh_4.0,0.4348604741383316,22.29301,0.80878,-0.0640721,9.888,4.0,0.436,36.9464,-4.2538,0.21002,0.0255293,0.000142393
04D1sa_4.0,0.583742747476615,23.30036,-0.445335,-0.0690323,10.623,4.0,0.585,36.984001,-4.1761,0.28823,0.0327905,0.000604784
04D1si_4.0,0.7006311150614601,23.58295,0.1376,-0.0121453,10.638,4.0,0.702,36.2033,-4.569,0.29792,0.0537341,0.00146783
04D1sk_4.0,0.6620579532880893,23.80419,0.45278,0.0832709,10.416,4.0,0.6634,36.094898,-4.3536,0.37908,0.0551483,0.00245852
04D2an_4.0,0.6218848388961684,23.30522,-0.307084,-0.0493553,7.542,4.0,0.62,150.218002,2.0412,0.56418,0.0477568,0.00710703
04D2cf_4.0,0.37059590532426256,22.196,-0.854231,-0.0213782,10.809,4.0,0.369,150.483704,1.8795,0.2151,0.0343102,-0.00299885
04D2fp_4.0,0.41664169852676547,22.27871,0.37739,-0.0569556,10.235,4.0,0.415,149.867203,2.321,0.12792,0.0273185,-0.000274875
04D2fs_4.0,0.35857895585296556,22.15715,0.10146,0.0519925,8.386,4.0,0.357,150.091995,1.7654,0.10203,0.0255854,-0.00032459
04D2gb_4.0,0.4516912930980645,22.63505,-1.60336,0.0227692,10.246,4.0,0.45,150.594406,1.8942,0.17186,0.0340255,-0.000290161
04D2gc_4.0,0.5227723911801547,23.05858,1.1143,0.00959711,9.326,4.0,0.521,150.413605,1.8831,0.20565,0.0351183,-0.00015857
04D2gp_4.0,0.7340079787223497,23.92984,-1.35262,-0.136739,8.834,4.0,0.732,149.8349,2.5089,0.41314,0.0850969,0.00369148
04D2iu_4.0,0.7019767103642425,23.94873,-1.92656,0.0351432,7.0,4.0,0.7,150.304901,2.415,0.42093,0.0842185,0.00224835
04D2ja_4.0,0.7420200450999571,23.81112,0.36095,-0.203948,10.991,4.0,0.74,149.702103,1.7717,0.40224,0.071347,-0.00256269
04D2kr_4.0,0.7461304041013179,23.57269,0.80413,-0.0341746,7.0,4.0,0.7441,150.155594,1.7119,0.31487,0.0509363,-0.000854229
04D2mc_4.0,0.3495688991573384,22.24532,-1.78672,0.07825,10.96,4.0,0.348,150.148102,1.7842,0.1152,0.0291433,0.00061104
04D2mh_4.0,0.5918464967232274,23.11484,1.58203,0.00724167,9.097,4.0,0.59,149.941193,2.141,0.17325,0.0318484,0.000206881
04D2mj_4.0,0.5147568994988894,23.50895,1.50549,0.14883,9.548,4.0,0.513,150.152206,2.5771,0.2247,0.0342036,0.000353901
04D3co_4.0,0.6206312949786634,23.51217,-0.663056,-0.0264439,9.517,4.0,0.62,214.458206,52.9636,0.19497,0.0444317,0.00123287
04D3cy_4.0,0.6436455065050691,23.50976,-0.189327,-0.0396432,9.98,4.0,0.643,214.551804,52.658298,0.20437,0.0642766,0.00137985
04D3do_4.0,0.6106425851270394,23.28591,-0.815949,-0.114016,10.485,4.0,0.61,214.442001,52.267601,0.14548,0.0310928,-0.00105663
04D3ez_4.0,0.2634865060558443,21.40058,-1.08753,0.0271516,10.29,4.0,0.263,214.782898,53.071999,0.0824226,0.0244496,3.33609e-05
04D3fk_4.0,0.3583350650413772,22.24456,-0.394488,0.0709778,10.189,4.0,0.3578,214.6091,52.5285,0.0811852,0.0229916,-2.09148e-05
04D3fq_4.0,0.7426959877718684,23.80748,-0.408963,-0.0392252,9.299,4.0,0.742,214.241196,52.379501,0.35531,0.0675987,0.00192113
04D3gt_4.0,0.4515553107095519,22.97587,-0.238989,0.18447,11.34,4.0,0.451,215.635803,52.6469,0.11205,0.0283186,-0.000169329
04D3hn_4.0,0.5526040505720207,23.21607,-0.56836,0.0747458,10.79,4.0,0.552,215.528702,52.2286,0.12108,0.0357298,0.000350936
04D3kr_4.0,0.33753355413521147,21.692,1.22584,-0.0285279,9.287,4.0,0.337,214.149704,52.478901,0.0821711,0.0222357,-0.000111103
04D3ks_4.0,0.7506802186169181,23.52089,0.54287,-0.0351442,8.459,4.0,0.75,215.639801,52.1852,0.31152,0.0627396,8.61787e-05
04D3nh_4.0,0.34051863448772934,21.86472,0.60401,-0.0128676,9.356,4.0,0.34,215.611298,52.333401,0.0872765,0.0212633,0.000118028
04D4an_4.0,0.6112424524068271,23.7482,-0.328424,0.0195928,10.541,4.0,0.613,333.987915,-17.695499,0.40784,0.0408911,0.00196573
04D4bq_4.0,0.5483150924903283,23.0747,0.65889,0.0946158,8.706,4.0,0.55,333.705902,-17.8276,0.25839,0.0378982,0.00169356
04D4fx_4.0,0.6272290195983199,23.25759,0.96367,-0.00277069,8.305,4.0,0.629,334.158905,-18.066401,0.19305,0.0341139,0.000249928
04D4gg_4.0,0.4224430302287168,22.4626,1.2311,0.0730595,10.057,4.0,0.424,334.038605,-17.294399,0.13835,0.0263737,0.000444855
04D4hu_4.0,0.7011472828307465,23.64257,0.0397198,-0.107437,9.475,4.0,0.703,333.900909,-17.8389,0.23414,0.0577333,0.000501547
04D4ib_4.0,0.697153384148767,23.31471,0.9689,-0.138525,10.994,4.0,0.699,334.173798,-18.105101,0.21666,0.0520064,0.000702881
04D4ic_4.0,0.685168884410745,23.84967,-0.878255,-0.0158616,9.325,4.0,0.687,333.591095,-17.943501,0.38451,0.0719796,0.00177992
04D4id_4.0,0.7670643688445091,23.9164,0.66935,-0.170684,10.324,4.0,0.769,334.089203,-17.229,0.4435,0.0607116,0.00134158
04D4im_4.0,0.7490895357571111,23.55859,1.1487,0.0140484,11.199,4.0,0.751,333.75351,-17.396,0.25303,0.0585362,-0.00162129
04D4in_4.0,0.5143439118343567,22.61601,1.52402,-0.0764535,9.101,4.0,0.516,333.785706,-17.261,0.14696,0.0282751,0.00046789
04D4jr_4.0,0.4683969856215068,22.37259,1.53692,-0.0689081,8.024,4.0,0.47,333.559692,-17.350201,0.12203,0.0264731,-0.000158981
04D4ju_4.0,0.47038943170111835,23.50273,0.43812,0.15107,9.239,4.0,0.472,334.261414,-17.3328,0.22493,0.0341341,-6.31295e-05
05D1cb_4.0,0.6306986469348359,23.43392,-0.292514,-0.00173125,10.111,4.0,0.632,36.737701,-4.1176,0.20646,0.041603,0.000385306
05D1cc_4.0,0.5627504316007583,23.24404,-0.150829,-0.0109856,9.316,4.0,0.564,36.629902,-4.1648,0.15119,0.0304745,0.00118295
05D1ck_4.0,0.6156977882940865,23.81175,-0.0215336,0.1044,9.724,4.0,0.617,36.1035,-4.7128,0.2594,0.037288,0.000998097
05D1dn_4.0,0.5647407177829912,23.02143,1.23413,-0.0228195,10.234,4.0,0.566,36.111,-4.9916,0.22423,0.0342457,5.03091e-05
05D1dx_4.0,0.5787449173459599,23.01471,0.64671,-0.0501127,9.416,4.0,0.58,36.945801,-4.0325,0.1202,0.029556,-0.000111011
05D1ee_4.0,0.5577426487658678,23.26135,-0.603782,-0.00629786,10.973,4.0,0.559,36.194801,-4.0005,0.18439,0.0339696,0.000239669
05D1eo_4.0,0.7356074106838172,24.02241,-1.52666,-0.0510331,11.125,4.0,0.737,36.346401,-4.6427,0.29399,0.0641856,0.00119688
05D1hm_4.0,0.5857432880012299,23.8257,1.08259,0.14468,9.854,4.0,0.587,36.9426,-4.7173,0.28503,0.0396975,0.0014431
05D1if_4.0,0.7615798342055714,23.75963,0.16435,-0.0547309,7.0,4.0,0.763,36.123901,-4.5703,0.25395,0.0513592,0.00018581
05D1ix_4.0,0.48879934214128234,22.60579,0.54116,-0.0769186,7.466,4.0,0.49,36.083199,-4.67,0.13867,0.0262067,0.000345177
05D1ke_4.0,0.6886558720591726,23.32815,0.21014,-0.111381,8.851,4.0,0.69,36.692902,-4.8625,0.2579,0.0491171,0.00125156
05D1kl_4.0,0.5587422898284234,23.88774,0.66353,0.13383,8.425,4.0,0.56,36.139702,-4.319,0.2988,0.0397278,0.00115599
05D2ab_4.0,0.32454109403328174,21.72522,-0.156457,-0.0460113,10.098,4.0,0.323,150.461899,2.1063,0.0837462,0.0221283,0.000233431
05D2ac_4.0,0.48071389350859295,22.40047,1.12022,-0.0645253,11.153,4.0,0.479,149.746796,2.4895,0.11153,0.0244675,-6.13267e-05
05D2bt_4.0,0.6819537936696042,23.22387,0.51418,-0.16162,7.0,4.0,0.68,150.417694,2.5662,0.25606,0.0483354,0.00179563
05D2bv_4.0,0.47571734698413903,22.44582,-0.0103674,-0.114695,8.838,4.0,0.474,150.570801,2.2406,0.12199,0.0245677,0.000119763
05D2cb_4.0,0.4286554446604738,23.1319,0.8842,0.15153,9.534,4.0,0.427,149.852402,2.3282,0.19161,0.0285641,0.00047668
05D2ci_4.0,0.6318932622419492,23.33003,-0.938128,0.0730981,10.977,4.0,0.63,150.008499,2.2159,0.246,0.0649237,0.000881622
05D2ck_4.0,0.6999721493061772,24.17986,-2.64608,-0.00813476,10.941,4.0,0.698,150.188293,2.5729,0.45867,0.0672973,0.00423113
05D2ct_4.0,0.7360193392698646,24.10396,0.36808,0.0899969,9.761,4.0,0.734,150.425797,2.1238,0.46935,0.0682621,0.000994071
05D2dt_4.0,0.5758336298507531,23.38259,0.18619,0.0268279,10.244,4.0,0.574,150.349701,1.8577,0.27233,0.0353094,0.00188897
05D2dw_4.0,0.4186431871386992,22.20055,1.14278,-0.0224048,8.815,4.0,0.417,149.633606,2.0322,0.16297,0.0245009,0.000421259
05D2dy_4.0,0.5117563705690428,22.62865,1.58953,-0.132852,7.738,4.0,0.51,150.242096,2.1831,0.28578,0.0287569,-3.37444e-05
05D2eb_4.0,0.5357812742575283,22.72385,0.93473,-0.0610481,8.676,4.0,0.534,150.060699,2.4074,0.28868,0.0311508,0.0019762
05D2ec_4.0,0.6419043685721779,23.40184,-0.196789,-0.1167,9.997,4.0,0.64,149.8591,2.0136,0.21155,0.052906,0.000755271
05D2fq_4.0,0.735007994422718,23.71845,0.82938,-0.0823093,10.875,4.0,0.733,149.7854,2.602,0.31632,0.0571502,0.00153541
05D2hc_4.0,0.35156962776959777,22.41641,-0.672411,0.0309832,10.977,4.0,0.35,150.019104,1.886,0.16441,0.0244962,0.000344096
05D2he_4.0,0.609870859510889,23.65386,0.15684,0.0583156,9.418,4.0,0.608,150.360504,2.3177,0.37523,0.0407083,0.00293405
05D2ie_4.0,0.34956588295148505,21.96289,-0.0723174,-0.0829642,9.287,4.0,0.348,150.2621,2.6581,0.14775,0.0258702,5.44297e-05
05D2le_4.0,0.701980502012661,23.67793,0.49593,-0.0260444,8.033,4.0,0.7,150.478607,2.0929,0.30652,0.0495621,0.00200338
05D2mp_4.0,0.3552703855639,22.12082,1.30429,0.00572548,8.657,4.0,0.3537,149.785995,2.204,0.18887,0.0246372,0.00110671
05D2nt_4.0,0.7590425323168701,23.8227,1.53089,-0.0179567,9.054,4.0,0.757,150.242599,2.3727,0.31135,0.0505309,0.00227272
05D3ax_4.0,0.6436406504056267,23.33468,0.60257,-0.0709309,8.442,4.0,0.643,214.823303,52.6875,0.42003,0.0638074,0.0039931
05D3cf_4.0,0.4195678407574242,22.66795,-0.262506,0.000775798,9.609,4.0,0.419,214.222504,52.3451,0.17416,0.0268662,0.000135134
05D3dd_4.0,0.4805673119795187,22.67554,-0.215323,-0.0431711,11.222,4.0,0.48,215.626907,52.6068,0.12525,0.0240225,0.000104265
05D3gp_4.0,0.5806024578930973,23.24198,-0.501929,-0.0822259,9.015,4.0,0.58,215.6763,52.724701,0.38712,0.0437645,0.00421041
05D3gv_4.0,0.7156506954346438,23.70891,-0.842722,-0.0653578,10.726,4.0,0.715,215.246902,53.178902,0.28607,0.0616176,-0.000566423
05D3hh_4.0,0.7666827536662804,24.00688,0.53015,-0.00275298,10.4,4.0,0.766,214.792297,52.959301,0.42108,0.0622057,0.00345112
05D3hs_4.0,0.6646364507424444,23.23047,0.58036,-0.175117,9.004,4.0,0.664,215.306503,52.903801,0.20646,0.0475735,0.00123987
05D3jb_4.0,0.7456641132757961,23.63605,0.93826,-0.0728194,10.471,4.0,0.745,215.541702,52.878101,0.23307,0.0495932,-9.96521e-05
05D3jh_4.0,0.7186790522556824,23.44182,-0.634411,-0.144845,10.815,4.0,0.718,214.355804,52.618801,0.181,0.049147,0.000402465
05D3jk_4.0,0.7366893594580464,23.40482,0.78444,-0.135768,9.457,4.0,0.736,214.197693,52.592499,0.18044,0.045948,-0.00028581
05D3jq_4.0,0.579599324880735,23.0197,1.50416,-0.00442154,8.832,4.0,0.579,215.439301,53.0299,0.20008,0.0269277,-0.000110385
05D3jr_4.0,0.37053037522200405,22.35781,-0.897467,0.0403284,8.008,4.0,0.37,214.869797,52.864799,0.12171,0.0227036,-0.000218261
05D3kt_4.0,0.648639036912506,23.69427,-0.430921,0.0516735,9.138,4.0,0.648,214.973801,52.743,0.19501,0.0480043,0.000476914
05D3lb_4.0,0.6476384763730597,23.62038,0.30349,0.0244028,8.931,4.0,0.647,214.382294,53.1679,0.18291,0.0486722,9.25324e-05
05D3lc_4.0,0.46156291337628014,22.70264,-0.744735,-0.0557917,10.777,4.0,0.461,215.595505,52.478901,0.10714,0.0240195,-4.43891e-05
05D3lr_4.0,0.6006023544610173,23.57479,0.19268,0.0993799,10.873,4.0,0.6,215.550598,53.184299,0.35206,0.0385309,0.00124385
05D3mh_4.0,0.6706527899552456,23.78959,0.65852,0.0481628,10.078,4.0,0.67,214.749298,52.667599,0.4762,0.0541255,0.00418427
05D3mn_4.0,0.7606970271384826,23.74104,-0.223091,-0.0407646,10.432,4.0,0.76,214.688507,52.323101,0.2914,0.0507288,0.00165853
05D3mq_4.0,0.24649168876073166,21.23249,-0.703263,-0.00967161,10.723,4.0,0.246,214.751801,52.385101,0.16543,0.025576,0.000573218
05D3mx_4.0,0.4705721848754813,22.76686,-1.38814,-0.0869171,10.788,4.0,0.47,215.537903,52.2192,0.10565,0.0310353,0.000176151
05D4af_4.0,0.4973696782486405,22.84092,0.11363,-0.0295275,8.986,4.0,0.499,334.138092,-18.0049,0.23312,0.0306831,-0.000522266
05D4ag_4.0,0.6382243479689347,23.62164,0.49764,0.0860437,8.381,4.0,0.64,333.447601,-18.1653,0.47275,0.0589324,0.00904862
05D4av_4.0,0.5073620288018187,23.30148,0.87099,0.16478,10.285,4.0,0.509,333.543915,-17.9119,0.1779,0.0296973,0.000212627
05D4be_4.0,0.5353173127590747,22.60652,0.90843,-0.158608,9.44,4.0,0.537,334.222412,-17.236099,0.12929,0.0275922,3.42474e-05
05D4bf_4.0,0.5872752511102926,23.34776,0.0814417,-0.00532513,10.23,4.0,0.589,334.109802,-18.2321,0.22996,0.0392851,0.00219986
05D4bi_4.0,0.7730705315993068,23.76519,0.97441,-0.130707,9.109,4.0,0.775,333.985596,-17.986099,0.38297,0.0634677,0.000901933
05D4bj_4.0,0.699155219684165,23.83488,0.19285,0.0642318,9.265,4.0,0.701,333.748596,-18.1334,0.29626,0.0549724,0.00131871
05D4bm_4.0,0.37050294135050965,21.94815,0.2366,-0.0728119,9.047,4.0,0.372,334.269196,-17.677601,0.0701955,0.0222548,0.000105215
05D4cn_4.0,0.761078151046241,23.78818,1.1215,0.00798009,10.461,4.0,0.763,333.381104,-17.288799,0.24147,0.0558823,0.000323232
05D4cq_4.0,0.699158435668245,23.46177,0.63738,-0.134624,10.554,4.0,0.701,333.540192,-18.2267,0.26364,0.0536371,0.000832334
05D4cs_4.0,0.7880495770194642,23.69609,1.39711,-0.118113,8.98,4.0,0.79,334.324188,-17.880199,0.21328,0.0482031,-0.000112546
05D4cw_4.0,0.3735042245198359,21.88136,-0.841889,-0.133616,10.503,4.0,0.375,333.70871,-17.7388,0.10283,0.0246103,-0.000144119
05D4dt_4.0,0.40546929341317195,22.5406,-0.984383,-0.0542873,10.429,4.0,0.407,333.607697,-17.671101,0.10459,0.0240777,-4.62367e-05
05D4ef_4.0,0.603262513571591,23.56993,-1.55174,-0.0699962,10.437,4.0,0.605,333.497101,-18.212299,0.20642,0.0350214,-2.6417e-06
05D4ej_4.0,0.5832801725963505,23.4494,0.22167,-0.0250541,10.133,4.0,0.585,333.968811,-18.1957,0.17316,0.0341048,0.000225135
05D4ek_4.0,0.5343259468680918,23.03429,0.26236,0.0668322,10.855,4.0,0.536,334.114685,-17.7363,0.17641,0.0305734,0.000793091
05D4ev_4.0,0.720129084374825,23.9649,-1.12101,-0.0381833,10.883,4.0,0.722,333.376801,-17.7008,0.28246,0.0605883,0.00163431
05D4ff_4.0,0.40047601971301966,22.32907,-0.724544,-0.00702557,10.543,4.0,0.402,334.084015,-18.042601,0.12088,0.0254883,0.000239025
05D4fo_4.0,0.3714998561713987,22.17587,-0.704725,-0.0587014,8.381,4.0,0.373,333.837097,-17.268101,0.0869491,0.0223593,-0.000176018
06D2bk_4.0,0.5007380250698479,23.00851,0.48238,-0.00194503,8.617,4.0,0.499,149.678604,2.172,0.28201,0.031814,0.00118686
06D2ca_4.0,0.5327755883715818,23.04378,1.32981,0.0390005,9.808,4.0,0.531,149.789795,2.3025,0.34964,0.0313806,0.00151526
06D2cc_4.0,0.5337766964588487,23.1846,-0.578375,0.0724688,10.87,4.0,0.532,149.862,2.4514,0.32797,0.0491889,0.00474583
06D2ck_4.0,0.5538081422910652,23.14006,0.0122643,-0.0400709,11.193,4.0,0.552,150.366699,1.8636,0.39297,0.0374828,0.00252585
06D2gb_4.0,0.44367781545070184,22.73294,-1.56881,-0.0160972,10.905,4.0,0.442,150.197601,1.9854,0.19505,0.0373932,0.00219737
06D3bz_4.0,0.727674259821902,23.66078,-0.788686,-0.103106,10.293,4.0,0.727,214.291794,53.024799,0.40839,0.0669089,0.00637251
06D3cc_4.0,0.6836582009085711,23.77525,0.71634,-0.00465541,10.083,4.0,0.683,214.381699,52.912498,0.61991,0.0841334,0.00285065
06D3df_4.0,0.44254687790754016,22.39092,1.15088,-0.0369484,10.46,4.0,0.442,215.571701,52.957699,0.16437,0.0227931,-0.000606988
06D3do_4.0,0.726677877141947,23.61097,0.6191,-0.0764945,8.709,4.0,0.726,214.247498,52.8825,0.4785,0.0513122,4.5995e-05
06D3dt_4.0,0.28255976754416806,21.88212,0.0698821,0.0841825,9.589,4.0,0.28205,214.340302,52.452801,0.0925512,0.022025,5.85574e-06
06D3ed_4.0,0.4045478174307441,22.33111,-0.391332,-0.0764049,9.512,4.0,0.404,214.699203,52.756599,0.0805222,0.0223458,-0.000117487
06D3el_4.0,0.5196096810995569,22.6078,0.82228,-0.149118,9.554,4.0,0.519,214.254501,52.232399,0.11466,0.0265701,0.000171211
06D3em_4.0,0.6906510605079448,24.10143,-0.146668,0.17067,9.459,4.0,0.69,214.847595,53.022999,0.3571,0.0599326,0.00139078
06D3et_4.0,0.5766112655882661,23.18172,-1.34778,-0.0876219,10.766,4.0,0.576,215.519897,52.338402,0.14554,0.0327881,0.000342375
06D3fp_4.0,0.2684878525502642,21.4409,-0.0714591,0.0414089,9.55,4.0,0.268,215.077499,52.897202,0.0534419,0.0219354,1.47213e-05
06D3gh_4.0,0.7206793959298675,23.62919,0.24347,-0.0746078,9.3,4.0,0.72,214.630905,52.442902,0.3413,0.0656464,0.00288897
06D4ba_4.0,0.6981564895698743,23.45269,0.6784,-0.0930018,8.544,4.0,0.7,333.898895,-18.229099,0.41089,0.0706746,0.00215753
06D4bo_4.0,0.5503059526990385,22.95258,0.76066,-0.0464467,9.96,4.0,0.552,333.867096,-17.409201,0.17904,0.0295415,-4.23559e-05
06D4bw_4.0,0.7301175910423594,23.6274,0.65989,0.0133225,9.276,4.0,0.732,333.765503,-17.883499,0.25975,0.0600057,0.000237517
06D4co_4.0,0.4354373435224403,22.26415,-0.394047,-0.0499054,10.627,4.0,0.437,333.860504,-17.8692,0.0951626,0.0229304,-0.000123577
06D4cq_4.0,0.4094610749404167,22.29519,0.42847,-0.0452497,9.107,4.0,0.411,334.231293,-17.712,0.094911,0.0217579,-0.00015791
1032_1.0,0.12903759806565762,20.10878,-2.5393,0.0525553,10.2777,1.0,0.12976,46.7957,1.1196,0.20428,0.0389948,0.00101712
1112_1.0,0.2560854897431724,21.29458,-0.608145,-0.0179058,11.351,1.0,0.25761,339.017609,-0.3752,0.72044,0.0534186,0.00613664
1241_1.0,0.0884754441491343,18.88407,-0.551806,0.055246,9.91509,1.0,0.08979,337.672485,-0.7766,0.0789868,0.0240004,4.96971e-05
1253_1.0,0.2616544683841822,20.98129,-0.927163,-0.11692,11.153,1.0,0.26307,323.799011,0.1631,0.47517,0.0501011,0.00319746
12779_1.0,0.07890918129108018,18.94893,-0.63006,0.10798,10.332,1.0,0.07995,309.471893,1.2211,0.2493,0.0321491,-0.00332345
12781_1.0,0.0828123482371741,19.14172,-1.83569,0.0415478,10.4457,1.0,0.08408,5.4066,-1.01,0.18894,0.0267951,0.000781542
12843_1.0,0.16594473462353632,20.16965,-1.02597,0.0404909,11.258,1.0,0.16725,323.878113,-0.9803,0.3042,0.0355821,0.00362059
12853_1.0,0.16816981267158732,19.96576,-0.57422,-0.0564277,10.364,1.0,0.1694,316.765594,0.7231,0.35156,0.0350201,0.00310317
12856_1.0,0.17027857831325988,19.89249,0.86254,-0.0873863,10.352,1.0,0.17167,332.865509,0.756,0.20363,0.0238418,0.000182854
12860_1.0,0.12042123728865818,19.98008,-0.302934,0.14487,10.1701,1.0,0.12168,323.694214,1.1759,0.20236,0.02924,0.000601575
12881_1.0,0.2367016577803549,20.84776,0.86995,0.0292029,9.679,1.0,0.23811,10.1623,-0.0736,0.54007,0.0393364,0.00431138
12883_1.0,0.30519029470291664,21.36146,-2.03834,-0.0543496,11.099,1.0,0.3065,312.625885,0.3987,0.89323,0.0754435,0.0227714
12898_1.0,0.08254284349414458,18.776,-0.063567,0.0682193,9.35181,1.0,0.08358,26.7931,-0.147,0.08575,0.0214176,2.43772e-06
12928_1.0,0.13867926281033652,19.67909,-0.5426,-0.0612988,10.3657,1.0,0.1397,305.009003,-0.9757,0.37869,0.0352375,-0.00449666
12950_1.0,0.08140527374783627,18.6972,-0.396496,0.0271763,9.42557,1.0,0.08273,351.667389,-0.8403,0.0831209,0.0220792,5.2693e-05
12971_1.0,0.23380326199072266,20.53203,1.14243,-0.0910906,11.5,1.0,0.23524,6.6485,-0.3021,0.59192,0.0363062,-0.0029822
12972_1.0,0.25934551148068014,21.0518,0.17528,-0.0810373,9.177,1.0,0.2608,7.9586,-0.383,0.7025,0.0493512,0.0145871
12977_1.0,0.24641954204798444,20.89256,0.0523227,-0.0491059,9.614,1.0,0.2478,13.6956,-0.2509,0.50515,0.0388803,-0.000986332
13025_1.0,0.22286427162017494,21.0498,0.8684,0.0462742,10.836,1.0,0.22436,341.567291,0.4159,0.84064,0.0516545,-0.00380526
13038_1.0,0.10483980093347209,18.96365,1.43036,-0.0239897,8.87462,1.0,0.1062,347.826813,0.5046,0.14627,0.0230791,0.000662813
13044_1.0,0.12454569518190252,19.33955,-0.0177977,-0.0707055,10.0637,1.0,0.12588,332.542786,0.5033,0.12882,0.0227381,0.000455659
13045_1.0,0.17915018520192644,20.43715,-0.0848948,0.0611195,10.574,1.0,0.1806,345.024902,0.5377,0.5295,0.0353149,-0.00174035
13070_1.0,0.1971815105310368,20.08949,0.96631,-0.147151,10.267,1.0,0.19863,357.785095,-0.7463,0.27438,0.0281398,0.0025584
13072_1.0,0.2291573399450177,20.86333,0.40235,-0.00818125,10.874,1.0,0.23063,334.959503,0.0244,0.40484,0.0451374,0.00377138
13099_1.0,0.26450231347243497,21.28785,0.29704,-0.0184202,10.86,1.0,0.26602,359.818695,-1.2504,0.82434,0.0475329,-0.0014233
13135_1.0,0.10336797029073708,19.12026,-1.34728,-0.0672429,10.8558,1.0,0.10467,4.1723,-0.4245,0.10068,0.0217112,6.90119e-05
13136_1.0,0.37045932666762893,22.04527,0.72897,-0.104564,11.433,1.0,0.37206,6.1407,-0.2791,0.91339,0.061461,0.0128232
13152_1.0,0.20215213986507632,20.40668,0.28737,0.0160068,9.387,1.0,0.20355,7.0521,0.118,0.25244,0.0295195,0.000913611
13254_1.0,0.17989954709704079,20.91016,0.52413,0.0995354,10.005,1.0,0.18075,42.058701,-0.347,0.58859,0.0406513,-0.00144454
13305_1.0,0.21338022462273193,20.6031,1.02285,-0.00788594,10.055,1.0,0.21481,331.100494,0.6912,0.30517,0.0339175,0.00132473
13354_1.0,0.1565364401174327,20.05228,1.04984,0.0912135,10.472,1.0,0.15763,27.5648,-0.8873,0.16569,0.0273875,0.000518356
13506_1.0,0.24340523285414567,21.55179,-0.152066,0.14006,10.19,1.0,0.24462,25.243299,-0.7278,0.65956,0.0470171,0.00322972
13511_1.0,0.23651946835042645,21.20802,-1.55732,-0.0923868,11.411,1.0,0.23744,40.6124,-0.7941,0.46524,0.0410695,0.00363048
13610_1.0,0.2968289670552884,21.14577,0.13994,-0.0914531,10.471,1.0,0.29831,326.014801,0.7263,0.56351,0.0432081,0.00122505
13641_1.0,0.21780742102816616,20.51954,1.023,-0.0456484,7.0,1.0,0.2193,345.218689,-0.9811,0.28669,0.0329608,0.000817148
13655_1.0,0.26172752447189,21.68295,-1.28381,0.0754668,11.238,1.0,0.2627,39.020199,-0.9942,0.63336,0.0486653,0.00409215
13689_1.0,0.25028948474158474,20.70889,1.16931,-0.148856,10.45,1.0,0.25177,4.0161,0.8076,0.38939,0.0379256,0.00180003
1371_1.0,0.11796423136180592,18.8049,0.79096,-0.102471,10.5372,1.0,0.11934,349.37381,0.4294,0.0966667,0.0221696,8.18027e-05
13727_1.0,0.2253379053160346,20.64071,1.32135,-0.0419083,9.953,1.0,0.22664,317.588104,0.9326,0.34788,0.0376277,0.00212672
13736_1.0,0.1488210630350388,19.74223,1.11597,-0.0227617,9.07749,1.0,0.15021,336.833313,1.031,0.16716,0.0244278,0.000418919
13757_1.0,0.2896192889272228,21.00785,1.18182,-0.169903,7.0,1.0,0.2912,350.123108,-1.1578,0.4426,0.0431559,0.00235225
13796_1.0,0.1472889988092681,19.59338,0.79596,-0.0214912,9.66952,1.0,0.1487,350.691589,0.5329,0.11786,0.0222568,0.000169035
13830_1.0,0.3298390089971417,21.39551,1.23542,-0.0186001,11.174,1.0,0.33147,351.561707,-0.3823,0.64992,0.0541728,0.00818515
13835_1.0,0.24603387466643045,20.8156,0.63307,-0.0776082,10.507,1.0,0.24749,6.0596,-0.2483,0.25333,0.0350673,0.001218
13894_1.0,0.12355753683870874,20.08799,0.71922,0.16435,8.72392,1.0,0.1249,1.6906,-0.0368,0.16833,0.0289371,0.00072323
13934_1.0,0.3293053921725513,21.96605,-0.654623,-0.0884568,10.791,1.0,0.33093,342.110992,-0.4353,0.8847,0.0733337,0.0125561
14019_1.0,0.21512639823898247,21.21124,-0.305757,-0.0153158,9.931,1.0,0.2164,316.642395,-0.648,0.41656,0.0483627,0.00459028
14024_1.0,0.14758302253404643,20.26064,-1.92744,0.0411169,10.7329,1.0,0.14881,318.198608,0.9163,0.20112,0.0352804,0.000876396
14108_1.0,0.13462703701285075,19.95931,0.24103,0.00401034,10.2314,1.0,0.1352,53.594601,-1.1232,0.14792,0.0305168,0.00016971
14157_1.0,0.21082414488528728,20.27686,1.16426,-0.0502205,11.127,1.0,0.2115,51.1367,1.0224,0.27455,0.035514,0.000956526
14212_1.0,0.20307620442881888,20.67218,-0.315612,-0.0263152,10.497,1.0,0.20449,330.470093,1.045,0.1792,0.0329477,0.000804452
14261_1.0,0.28436280328454927,21.11937,0.67229,-0.0332318,9.135,1.0,0.28585,328.240387,0.2538,0.48056,0.0446957,0.00639423
14284_1.0,0.18036938936717345,19.98452,-0.286147,-0.0689105,10.572,1.0,0.18107,49.049301,-0.6009,0.17397,0.0266154,0.000561816
14298_1.0,0.2687895269413351,21.03248,1.39048,-0.0836271,7.0,1.0,0.2701,314.895111,1.2233,0.40865,0.0436494,0.00144748
14331_1.0,0.21974979766356917,20.99164,0.18256,0.0056807,9.696,1.0,0.22116,7.8887,-0.1358,0.30591,0.0397391,0.00116772
14421_1.0,0.17399494582668598,20.2,-0.675014,-0.0932039,11.5,1.0,0.17504,31.829901,1.2521,0.18883,0.0258203,0.000452923
14437_1.0,0.147916426671359,19.48736,0.61897,-0.0977436,9.91097,1.0,0.14927,332.080994,-1.1964,0.12404,0.0260299,0.000272556
14451_1.0,0.17728547494218452,19.93511,0.31635,-0.101925,10.124,1.0,0.1784,308.195007,0.9271,0.17316,0.0286812,0.000645235
14456_1.0,0.3279283969941346,21.60116,-0.0489503,-0.0199502,11.095,1.0,0.32956,343.551086,1.0507,0.57986,0.0508753,0.00981906
14481_1.0,0.24206165245717245,21.12084,-1.04131,-0.153684,11.215,1.0,0.24354,2.6817,0.2013,0.39678,0.0508764,0.00549552
14735_1.0,0.2993523986094934,21.46036,0.00850924,0.035333,10.326,1.0,0.30044,35.158001,0.3484,0.43378,0.0451994,0.00208327
14846_1.0,0.22334274640439644,20.68414,0.65798,-0.0439931,11.075,1.0,0.22476,7.6632,0.1416,0.29488,0.0364916,0.00136203
14871_1.0,0.12704247300872706,19.21888,1.26484,-0.0535209,9.14823,1.0,0.1276,54.2771,0.0094,0.11312,0.0236621,8.06622e-05
14979_1.0,0.17653054477471772,19.95569,0.2335,-0.115795,10.089,1.0,0.1771,54.9464,0.9928,0.14186,0.0272004,0.000232261
14984_1.0,0.19548420621100876,20.63702,0.97928,0.0494542,10.395,1.0,0.1967,313.833588,-0.0928,0.33681,0.0345284,0.00182529
15129_1.0,0.19610599970935202,20.44588,-0.68294,-0.0681401,10.971,1.0,0.19739,318.902405,-0.3214,0.23328,0.0330161,0.000424856
15132_1.0,0.1530332381550691,19.51813,1.06523,-0.132017,11.224,1.0,0.15438,329.700195,0.1977,0.15016,0.0224143,3.76902e-05
15161_1.0,0.24852701791214613,20.95109,-0.242653,-0.05098,11.065,1.0,0.24956,35.842899,0.819,0.32146,0.0418806,0.00178674
15171_1.0,0.1381836172891839,19.45454,0.67029,-0.0725614,9.85121,1.0,0.1392,304.792511,-1.0645,0.14725,0.0259138,0.000256604
15201_1.0,0.20734998323065654,21.6221,-1.87784,0.15242,11.312,1.0,0.20881,337.519409,0.0036,0.79719,0.0561783,0.00454865
15203_1.0,0.2031297923952166,20.48035,1.12434,0.00334631,10.219,1.0,0.20444,15.7347,0.1831,0.2761,0.032426,0.00085745
15213_1.0,0.3105198595402106,21.50974,-0.0723984,-0.0862884,10.721,1.0,0.3112,53.0191,-0.1001,0.62448,0.0589268,0.0130047
15219_1.0,0.24636645422162828,20.80275,-0.144574,-0.15285,11.081,1.0,0.24742,34.611099,0.2267,0.38619,0.0361341,0.00176936
15222_1.0,0.19800373508021246,20.69701,-1.31897,0.0126683,11.5,1.0,0.19943,2.8534,0.7027,0.28823,0.0347356,0.0010059
15229_1.0,0.22535428635968602,20.7712,0.71495,-0.0344117,9.165,1.0,0.2268,4.832,1.0907,0.29292,0.0377627,0.00101789
15259_1.0,0.2085697369635507,20.56057,0.48151,-0.00437401,9.789,1.0,0.21003,337.544189,-0.4078,0.27825,0.0341173,0.000464302
15287_1.0,0.23629537730309785,20.87544,1.111,-0.0443422,10.621,1.0,0.23768,323.959686,-1.0574,0.3046,0.0338579,0.000710684
15354_1.0,0.22067901564591458,21.26642,-2.15343,0.0910011,10.783,1.0,0.2221,6.7737,-0.126,0.50723,0.049103,0.00058214
15356_1.0,0.2734024986944686,21.20401,-0.662822,-0.0173091,10.743,1.0,0.27493,335.053314,0.4099,0.50693,0.0478171,0.00320459
15365_1.0,0.1865067356408848,20.25333,0.80934,-0.0539122,11.178,1.0,0.18796,354.556702,1.2491,0.23406,0.0275293,0.00100482
15383_1.0,0.3149403710037539,21.59672,0.13985,-0.0344547,10.786,1.0,0.31606,34.149502,-0.1552,0.74016,0.0503432,0.00616492
15421_1.0,0.1844317317315552,20.38777,0.20985,-0.0441654,10.166,1.0,0.18545,33.7416,0.6025,0.26484,0.0262687,0.000910106
15425_1.0,0.15935446327028796,19.69733,0.98515,-0.000340127,10.526,1.0,0.1599,55.5611,0.4783,0.1694,0.0249844,0.000612316
15433_1.0,0.21934328018853622,20.68856,-0.0282938,-0.0639614,10.806,1.0,0.22068,14.8796,-0.2565,0.2707,0.035214,0.00123959
15440_1.0,0.2612989299614146,21.33112,-0.545934,0.0625453,10.852,1.0,0.26226,39.720699,0.0901,0.53452,0.0437468,0.00533494
15443_1.0,0.18122619299216025,19.95835,1.58154,-0.0385729,10.339,1.0,0.18191,49.867401,-0.318,0.18332,0.0248365,0.000651391
15453_1.0,0.18242370756630663,20.30847,1.14628,-0.038192,8.989,1.0,0.1837,319.668304,-1.0243,0.25571,0.028899,0.00179243
15461_1.0,0.18481284613807775,20.1265,-0.163539,-0.109307,10.516,1.0,0.18617,326.847504,-0.4947,0.21188,0.0270239,0.00106564
15466_1.0,0.24435021773961668,21.1176,-1.06261,0.0360275,10.622,1.0,0.24567,317.644989,-0.1232,0.41476,0.0497103,0.00348337
15467_1.0,0.20846838996660996,20.35031,0.82038,-0.0635646,10.43,1.0,0.20978,320.019897,-0.1774,0.26734,0.0343331,0.00242037
15508_1.0,0.1335310812292655,19.35372,0.88393,-0.0594257,9.13587,1.0,0.13461,27.169001,-0.5766,0.10636,0.0224231,0.000287172
15583_1.0,0.17426390416908535,20.488,-0.19462,0.0367573,9.434,1.0,0.1752,37.731098,0.9463,0.24103,0.031229,0.00172549
15584_1.0,0.28332294831553706,21.21412,0.38221,-0.0434398,10.9,1.0,0.28422,43.495499,0.987,0.42287,0.046067,0.00348056
15648_1.0,0.17381819459860193,20.8221,-1.3803,0.11997,11.339,1.0,0.17501,313.718414,-0.1948,0.38453,0.0468202,0.000811526
15674_1.0,0.19554040064136646,20.78045,-0.328952,0.00320596,7.0,1.0,0.197,340.829193,0.2629,0.31076,0.0394199,0.00380296
15704_1.0,0.3695158377642695,21.81366,0.0853212,-0.172779,10.933,1.0,0.37055,40.210701,0.6588,0.75488,0.057262,0.0106638
15776_1.0,0.3158161176874783,21.5933,-2.2304,-0.134286,11.211,1.0,0.31696,32.829399,-0.9983,0.60327,0.0508658,0.00741477
1580_1.0,0.18214729714446593,20.06748,0.89187,-0.0311834,10.75,1.0,0.18293,45.323101,-0.6441,0.2367,0.0309465,0.00057547
15868_1.0,0.24973670425477998,20.75678,0.32497,-0.150652,10.387,1.0,0.25072,38.0998,-0.7136,0.26818,0.0375319,0.00190418
15872_1.0,0.20548317375200276,20.30187,0.76107,-0.070773,9.66,1.0,0.20646,36.7225,-0.3278,0.30875,0.036237,0.0036418
15897_1.0,0.17357163800222192,20.63207,-2.41302,0.0093745,10.816,1.0,0.17489,11.6814,-1.0329,0.25514,0.0366823,0.00163724
15901_1.0,0.20367659875404215,20.51958,0.059763,-0.0554446,9.969,1.0,0.20474,31.976299,-0.5354,0.26159,0.0341485,0.00201766
16021_1.0,0.12335781547996237,19.3661,-0.33583,-0.0368193,9.49127,1.0,0.1246,13.8437,-0.3888,0.12847,0.0238966,0.000801358
16032_1.0,0.20317554285715733,20.52779,-0.740612,-0.103496,7.0,1.0,0.204,44.069199,-0.4108,0.23563,0.0347172,0.0016901
16069_1.0,0.12687696751807936,19.87173,0.89709,0.16215,10.179,1.0,0.12825,341.246094,-1.0066,0.22289,0.0278905,0.0016176
16072_1.0,0.2843386695279746,21.28497,0.25329,-0.028769,10.943,1.0,0.28586,3.1244,-0.9773,0.65465,0.0548438,0.0148406
16073_1.0,0.15339138241999412,19.99369,0.73651,-0.0224167,9.751,1.0,0.15472,8.1078,-1.054,0.19081,0.023977,0.000673962
16093_1.0,0.3343866251372008,21.60691,1.02797,-0.0558921,10.215,1.0,0.33603,350.362488,1.1325,0.76833,0.057738,0.0116224
16099_1.0,0.19580141566503872,20.4485,2.04213,0.0206521,10.656,1.0,0.19695,26.4209,-1.0544,0.38057,0.0267565,0.0042597
16100_1.0,0.18892440040189196,20.81921,-0.349949,0.0645575,9.661,1.0,0.19,30.4363,-1.0324,0.36937,0.0391477,0.00547484
16106_1.0,0.24972613422296688,20.80444,-0.557487,-0.140879,11.035,1.0,0.2512,332.089294,-1.1488,0.39614,0.0504718,0.00590634
16116_1.0,0.15508453725016863,19.71756,0.53168,-0.106952,9.52,1.0,0.15649,355.302002,-1.1058,0.30128,0.0249913,0.00251573
16165_1.0,0.1740412615036858,19.88098,0.35241,-0.0716794,7.0,1.0,0.1751,30.733101,-0.5339,0.23467,0.0241991,0.001398
16206_1.0,0.15837363162578877,20.14109,-2.62037,-0.0204,10.927,1.0,0.15973,5.7882,-0.0536,0.57762,0.0319983,0.00873699
16211_1.0,0.3093787588440442,21.8823,-1.95275,0.0171083,11.5,1.0,0.31099,348.164093,0.2669,0.79923,0.0736496,0.010037
16213_1.0,0.2507628039228305,20.87039,0.28207,-0.0992826,7.0,1.0,0.2522,8.9711,0.2584,0.44257,0.0387816,0.00408749
16232_1.0,0.3742585782933766,21.90128,-0.0218273,-0.119822,10.651,1.0,0.37573,17.2054,-0.9896,0.88417,0.0720314,0.0326075
16259_1.0,0.1177064013866986,19.79566,-1.4998,0.0789717,10.994,1.0,0.11908,352.029999,0.8564,0.22217,0.028174,0.00106415
16276_1.0,0.19395974565670726,20.48769,0.00350608,-0.0297015,9.288,1.0,0.1952,20.578699,1.0106,0.57707,0.0325906,0.00646163
16281_1.0,0.18506013149705158,20.22106,-0.815183,-0.0772074,10.394,1.0,0.18651,352.9422,-0.6681,0.54911,0.0329657,0.00612223
16350_1.0,0.2368376302463105,20.89491,-0.956479,-0.0860515,10.79,1.0,0.23822,323.639496,-0.8858,0.59643,0.0443481,0.00544178
17168_1.0,0.1837533157696947,20.35658,0.54542,-0.0382961,9.757,1.0,0.18519,339.723785,-1.1671,0.3148,0.0335605,0.00104556
17186_1.0,0.07848248686865378,18.99689,0.62903,0.11553,10.1643,1.0,0.07944,31.612801,-0.8995,0.14817,0.0247072,8.47502e-05
17208_1.0,0.14083258067057092,19.73083,0.86472,-0.071594,11.5,1.0,0.1422,1.4916,1.1031,0.38887,0.0300617,0.00160854
17215_1.0,0.18079772244437478,20.36378,0.29117,0.0202149,11.331,1.0,0.18137,54.926399,1.0923,0.42536,0.0399939,0.00095329
17218_1.0,0.17695728072392425,20.17642,-0.7975,-0.0825686,10.158,1.0,0.17839,356.171814,-0.0301,0.41307,0.0319635,0.000911023
17220_1.0,0.17768484515689228,20.29493,1.85173,0.13563,10.863,1.0,0.17903,9.7015,-0.1792,0.28852,0.0314134,0.000781205
17223_1.0,0.24150295045842538,20.61396,1.05435,-0.080664,7.0,1.0,0.2427,26.361401,-0.0194,0.69431,0.043172,-0.00145703
17332_1.0,0.18202298632847944,20.45133,-0.208196,0.0406631,10.604,1.0,0.18284,43.773499,-0.1474,0.27495,0.0354804,0.000740834
17340_1.0,0.2562437856851725,21.06652,-0.0453829,-0.00345911,11.443,1.0,0.25717,41.212101,0.3648,0.44798,0.0434346,0.00217175
17366_1.0,0.13810939407481318,19.33426,0.56478,-0.0912136,10.2891,1.0,0.13929,315.787292,-1.0292,0.16833,0.0243814,0.000141811
17389_1.0,0.1695966361232,20.54181,1.11247,0.0665893,9.891,1.0,0.1709,323.294891,-0.9601,0.3806,0.0337671,0.00111523
17435_1.0,0.2167358896041871,20.45477,0.91406,-0.107985,8.818,1.0,0.218,20.344601,-0.0148,0.25984,0.0351358,3.73683e-05
17464_1.0,0.2534391749806994,20.83853,0.20597,0.0465913,9.285,1.0,0.2549,6.6408,0.042,0.62314,0.0416647,-0.0044429
17497_1.0,0.14387305040301793,19.79663,0.90707,0.0385836,10.0189,1.0,0.14479,37.1366,-1.0421,0.12522,0.0227437,0.000129535
17552_1.0,0.2519062312732245,21.06324,1.31187,0.000904844,10.693,1.0,0.25329,322.320587,-1.0032,0.42257,0.0432517,0.0004547
17605_1.0,0.1453323741874511,19.84406,0.80389,0.0230153,10.2332,1.0,0.14643,309.202789,0.0984,0.45281,0.0402385,-0.000428569
17629_1.0,0.13639541158381993,19.80888,-0.34633,0.0611567,10.6342,1.0,0.13742,30.6364,-1.0892,0.1476,0.0271372,0.000668768
17791_1.0,0.2846762248274835,21.48668,0.23323,-0.189959,9.385,1.0,0.2862,332.373291,0.7379,0.72548,0.0626566,0.0019248
17801_1.0,0.205145185984452,20.94911,-0.656693,-0.0138658,11.4,1.0,0.2064,316.093201,-0.898,0.50591,0.0564186,0.0111586
17809_1.0,0.28746024997452796,21.19635,1.7352,0.0261917,9.84,1.0,0.28896,6.3646,-0.8396,0.57792,0.0481892,0.0063992
17811_1.0,0.21185113945183465,20.2386,1.08099,-0.130649,7.0,1.0,0.2132,12.8787,-0.9474,0.30058,0.0329765,-2.27791e-05
17825_1.0,0.16219145330628143,20.15663,-0.136652,0.00342171,7.0,1.0,0.1632,32.947102,-0.9124,0.16135,0.0269704,0.000449622
17875_1.0,0.23109627722706177,20.77478,1.16427,-0.0574877,10.702,1.0,0.23237,20.9834,1.255,0.31837,0.0392772,-0.000298475
17884_1.0,0.23775363718392742,20.59998,0.7009,-0.123607,10.453,1.0,0.23893,27.5998,1.1721,0.28536,0.0369519,0.00104276
1794_1.0,0.14069878370376507,19.8715,1.15712,0.0386873,11.0328,1.0,0.14191,317.836792,-0.4453,0.32796,0.0281139,0.000410379
18030_1.0,0.15517213627955295,20.13666,-0.586144,-0.0480665,9.658,1.0,0.15653,4.933,-0.4001,0.25052,0.0342896,0.00311972
18091_1.0,0.3697645504216922,21.62755,-0.623954,-0.188739,10.972,1.0,0.37114,23.3675,0.5247,0.6937,0.0647728,0.0157843
18241_1.0,0.0969059784492467,18.96194,-1.11324,-0.0848118,9.09279,1.0,0.098,312.387695,-0.7617,0.13387,0.0270043,0.000176512
18323_1.0,0.15271151448212936,19.99027,0.1555,-0.0381076,9.359,1.0,0.15408,3.4286,0.6522,0.22778,0.0289567,0.00165777
18325_1.0,0.2572144058166861,21.02156,0.40554,-0.0583387,11.5,1.0,0.25866,8.9057,0.37,0.38149,0.0446311,0.0033294
18415_1.0,0.1294015234637141,19.6372,-1.6309,-0.0837347,10.6005,1.0,0.13077,337.478302,1.0586,0.17234,0.0297771,0.000378258
18463_1.0,0.2668633513344058,21.06463,0.94365,-0.0417155,10.244,1.0,0.26822,17.566,0.472,0.41767,0.0466991,0.00295645
18466_1.0,0.21965772336878084,20.87484,-0.104958,0.0240345,10.917,1.0,0.2204,48.418499,0.63,0.25146,0.0357562,0.000542208
18485_1.0,0.281213764846026,21.03959,1.35117,-0.0884113,10.908,1.0,0.282,47.959099,-0.6924,0.42088,0.0404087,0.00247148
18486_1.0,0.2397056573349323,20.52269,1.07573,-0.101265,7.0,1.0,0.2403,55.18,1.0031,0.26743,0.035841,0.00061353
18602_1.0,0.13695730811157056,19.86559,0.90996,0.0635345,8.85232,1.0,0.13834,338.983612,0.6092,0.18668,0.0296454,0.00135887
18604_1.0,0.17482493743190203,20.68683,-2.13552,-0.0420897,11.05,1.0,0.17626,340.920898,0.4214,0.35414,0.0374727,0.000690975
18612_1.0,0.1136399473084088,19.42564,-0.737167,0.0640737,10.2452,1.0,0.11489,12.2879,0.597,0.13214,0.0222618,8.39691e-05
18617_1.0,0.325688072282876,21.76071,-0.183659,-0.0263842,10.076,1.0,0.32732,345.761505,0.8492,0.93194,0.0583508,0.0078361
18650_1.0,0.11242092155611969,19.19295,0.88484,-0.037948,8.53633,1.0,0.11371,328.447205,0.0151,0.11778,0.0245192,0.000259725
18697_1.0,0.10637268385908727,18.96754,0.73545,-0.00241683,9.67706,1.0,0.10762,11.2239,-0.9971,0.12052,0.0211367,-2.88472e-06
18740_1.0,0.15316494765344268,19.92532,-0.0404051,0.0299464,10.663,1.0,0.15441,16.855301,1.0437,0.12731,0.0224887,0.000357122
18749_1.0,0.18930752470504272,20.81885,-1.40939,0.0620141,11.172,1.0,0.19064,12.5473,0.6754,0.39534,0.0333526,0.00108528
18768_1.0,0.19890965508849143,20.74397,-0.395911,-0.0338505,9.778,1.0,0.2002,17.2167,1.1979,0.3013,0.0400579,0.00277131
18787_1.0,0.1891420966420127,20.95145,0.18431,0.0439023,11.072,1.0,0.19023,29.729799,-1.0271,0.44922,0.0329398,0.00282701
18804_1.0,0.19725972383655643,20.16888,0.92166,-0.0581955,10.3,1.0,0.19843,25.2656,-0.4484,0.19946,0.0247729,0.000499365
18807_1.0,0.18713799899858805,20.36088,0.46489,-0.0318753,10.998,1.0,0.1879,46.6409,0.7933,0.24678,0.0283123,0.00132314
18809_1.0,0.13152388327674075,19.54729,-1.16804,-0.072678,10.6395,1.0,0.13216,50.881302,0.6666,0.18228,0.0278443,0.000135962
18835_1.0,0.1226206240981596,19.30588,0.75966,-0.00749059,10.1221,1.0,0.12319,53.685101,0.3555,0.11148,0.0258773,0.000205485
18855_1.0,0.1271495595080196,19.48876,0.24873,-0.0226378,9.82915,1.0,0.12783,48.632301,0.2698,0.14548,0.0250185,0.000199965
18927_1.0,0.2121278066921064,21.01294,-0.578624,0.11949,11.5,1.0,0.2129,46.682499,-0.754,0.38977,0.0415208,0.00185226
18940_1.0,0.2109812737429358,20.72363,-0.841378,-0.0314463,10.226,1.0,0.21236,10.349,0.412,0.26141,0.0375543,0.0020371
18945_1.0,0.2618655806552212,21.3399,0.18686,-0.0368143,7.0,1.0,0.2633,10.0784,-1.0374,0.50529,0.0424922,0.00344273
18965_1.0,0.20452988787760043,20.46297,-0.612498,-0.107766,10.63,1.0,0.20587,13.5091,1.069,0.22995,0.0354046,0.000922056
19002_1.0,0.2700975721782258,20.96877,0.34724,-0.0978172,10.716,1.0,0.271,42.615398,-0.5512,0.32256,0.0385614,0.00136886
19008_1.0,0.23074913799439317,20.86395,1.08198,0.0668905,10.401,1.0,0.2322,331.963287,-1.0699,0.39794,0.0422028,0.00480729
19023_1.0,0.24404378726139878,20.60654,1.61576,-0.12542,7.0,1.0,0.2452,307.117004,0.0062,0.50206,0.0417806,0.0017876
19027_1.0,0.2911311620826589,21.14315,0.5424,0.0060575,9.592,1.0,0.29263,328.884186,-0.372,0.56497,0.0481676,0.00402984
19101_1.0,0.20061179619419028,20.50279,-0.229311,0.00644708,7.0,1.0,0.202,7.9727,0.1383,0.21397,0.0328569,0.00160033
19128_1.0,0.28762845303347184,21.33936,1.34109,-0.0660858,7.0,1.0,0.2892,354.203796,-0.7822,0.61004,0.0441752,0.00431978
19149_1.0,0.21023085945899464,20.13422,1.04946,0.00991228,9.612,1.0,0.21131,31.459999,-0.3319,0.19839,0.030544,0.00132622
19174_1.0,0.1635642710074763,20.26883,-0.75334,0.0558988,11.02,1.0,0.1647,25.6597,1.0304,0.21748,0.032426,0.00105026
19207_1.0,0.2572066912991147,21.24812,0.49449,0.0136953,10.626,1.0,0.2587,333.463898,-0.9203,0.59402,0.0532339,0.00148129
19230_1.0,0.22004920301509806,21.0395,-1.64141,0.0831737,10.516,1.0,0.2215,332.890991,0.7648,0.42746,0.0467335,0.00382931
19282_1.0,0.17238656631002525,20.04103,1.24309,-0.0309499,7.0,1.0,0.1738,359.072205,-0.5059,0.24272,0.0253024,0.000952123
19341_1.0,0.2354157206391312,21.19227,-1.526,0.0240057,11.015,1.0,0.23676,15.8603,0.3314,0.3786,0.0441455,0.00172095
19353_1.0,0.15324823267881996,19.98052,0.90998,0.0406874,11.004,1.0,0.15406,43.114399,0.2518,0.20982,0.0282541,0.00133106
19543_1.0,0.1238376243205552,19.6998,-0.83315,-0.0223161,8.61533,1.0,0.1252,357.908386,0.2798,0.13952,0.0242663,0.000626096
19596_1.0,0.2903494412345675,21.33434,0.87616,-0.0374724,9.959,1.0,0.291,53.8843,0.7034,0.62098,0.0492316,0.00656105
19616_1.0,0.16455189521822733,19.98709,0.13877,-0.02465,11.04,1.0,0.16549,37.101101,0.1847,0.19507,0.0272175,0.00142774
19632_1.0,0.3137613447636566,21.56836,0.13675,-0.0520971,11.113,1.0,0.31475,40.286499,0.1444,0.55748,0.0533693,0.0080068
19658_1.0,0.19862363675256334,20.45115,0.0080203,-0.0837056,8.996,1.0,0.2,8.9032,-0.2327,0.26469,0.0357416,0.0026432
19702_1.0,0.26161748484906044,21.37615,-1.08884,-0.0567835,9.896,1.0,0.2624,47.754799,0.3568,0.47749,0.0516063,0.00564288
19775_1.0,0.1368661052734715,20.05089,-0.212482,0.0986987,10.0494,1.0,0.13809,318.956085,0.6513,0.20423,0.0307371,0.00102807
19794_1.0,0.2956766385281612,21.99438,-2.38106,0.0544006,11.367,1.0,0.29724,359.319092,0.2494,0.89829,0.0726652,0.00843755
19818_1.0,0.3039403048027388,21.24148,1.13593,-0.0291438,10.154,1.0,0.30503,35.266701,0.4964,0.56459,0.0457968,0.00860651
1990O_50.0,0.030927553973661093,15.99115,0.51757,-0.0696951,10.4738,50.0,0.03099,258.900696,16.322001,0.1821,0.0333998,-0.000392802
1990af_50.0,0.05017159665244414,17.5016,-2.16797,-0.0693196,11.2421,50.0,0.05057,323.747498,-62.737099,0.14105,0.0454902,-0.000632642
19913_1.0,0.20236791839495827,20.59442,0.11554,-0.0474412,10.051,1.0,0.2038,333.762512,-0.3413,0.34885,0.0360789,0.00232237
1992P_50.0,0.02642525747143998,15.79533,0.15615,-0.104397,10.1744,50.0,0.02531,190.703903,10.3601,0.27557,0.0428261,-0.000955395
1992ae_50.0,0.07477643516423008,18.18643,-0.748829,-0.0368564,10.1995,50.0,0.0752,322.074707,-61.5504,0.1501,0.0537084,-0.001163
1992ag_50.0,0.02592755301352241,16.13507,-0.676962,0.20097,10.3918,50.0,0.0249,201.041,-23.878799,0.10882,0.0482887,-0.000302467
1992al_50.0,0.014334286337351768,14.20005,-0.284092,-0.130405,10.0338,50.0,0.01484,311.485413,-51.394402,0.0829561,0.0273624,1.96418e-05
1992bc_50.0,0.019760162922815877,14.84408,0.85559,-0.138261,9.61338,50.0,0.02017,46.316898,-39.559601,0.0716965,0.0261465,-0.000267683
1992bg_50.0,0.03574518740529962,16.57928,-0.452709,-0.0522857,10.4968,50.0,0.03525,115.485603,-62.519402,0.12174,0.0529648,-0.0013616
1992bh_50.0,0.04509802966003912,17.34859,-0.00845537,0.0236529,10.1363,50.0,0.045,74.862801,-58.830399,0.14974,0.0453473,-0.00201556
1992bl_50.0,0.04279012925381101,17.04918,-1.72194,-0.0693182,10.8343,50.0,0.04359,348.804504,-44.743301,0.0843556,0.0457097,-0.000388039
1992bo_50.0,0.018053146189974653,15.50736,-2.00428,-0.0636837,10.4023,50.0,0.01884,20.4925,-34.212002,0.0635293,0.0284584,-1.14505e-05
1992bs_50.0,0.06369693693320719,18.0085,-0.254896,-0.0468386,10.5104,50.0,0.06405,52.374901,-37.271801,0.12543,0.048183,-0.00107221
1993B_50.0,0.07076031118799511,18.20988,-0.323197,0.0340779,9.39781,50.0,0.0696,158.717407,-34.4417,0.16341,0.0550363,-0.00100578
1993H_50.0,0.02450436330191371,16.41437,-2.04912,0.0676368,10.4495,50.0,0.0236,208.209198,-30.707899,0.0590631,0.0298027,-0.000432217
1993O_50.0,0.05148334984662933,17.37693,-0.650657,-0.102247,10.2759,50.0,0.05051,202.784897,-33.215199,0.10008,0.045546,-2.98314e-05
1993ag_50.0,0.05018466852264812,17.61411,-0.828686,0.0473087,10.7191,50.0,0.04909,150.893799,-35.462601,0.13624,0.0500625,-0.00123586
19940_1.0,0.155903683677492,19.55731,1.05584,-0.0228939,9.91499,1.0,0.1571,315.393494,-0.2685,0.21423,0.0261798,0.000877521
1994M_61.0,0.024260898894985974,16.0309,-1.42754,0.0428758,10.974,61.0,0.02308,187.785904,0.6054,0.0903784,0.0287262,-8.24662e-05
1994S_61.0,0.01619033373688016,14.49675,0.30392,-0.101615,10.2053,61.0,0.01524,187.841003,29.134399,0.1827,0.028154,0.000590405
19953_1.0,0.12189616915455627,18.95458,0.72853,-0.130952,9.37542,1.0,0.12323,332.930511,0.5791,0.18419,0.0221102,0.000929486
1995ac_61.0,0.048657906976484595,16.80888,0.7562,-0.0614351,10.3844,61.0,0.0499,341.392212,-8.7513,0.0877414,0.0276238,-0.000222344
1995ak_61.0,0.021934264882839265,15.77597,-1.0611,0.0716726,10.0066,61.0,0.02269,41.453499,3.2306,0.11929,0.0334302,0.00074719
19969_1.0,0.17428073579506284,20.25794,0.063822,0.0180368,10.367,1.0,0.17532,31.9105,-0.324,0.25331,0.0271399,0.00120766
1996C_61.0,0.02874621825377148,16.36106,0.66261,0.0425137,9.36646,61.0,0.02823,207.702499,49.3186,0.13046,0.0293316,-0.000605728
1996bl_61.0,0.034805074538684345,16.44954,-0.152679,-0.0192619,10.1459,61.0,0.036,9.0749,11.3946,0.10963,0.0315719,0.000164367
1996bv_61.0,0.016729334399096803,15.11185,0.70324,0.14673,10.0622,61.0,0.01667,94.054199,57.052502,0.20474,0.0316815,-0.000578155
1997E_62.0,0.013137859987649854,14.90152,-1.75207,0.0160544,8.75604,62.0,0.01315,101.908699,74.497498,0.0908642,0.0333423,-0.000386056
1997dg_62.0,0.029614036757539174,16.62948,-0.316156,-0.0278146,8.80558,62.0,0.03081,355.059204,26.2033,0.17535,0.0305457,-0.000221638
1997do_62.0,0.010476949472779676,14.13958,0.39341,0.077583,9.594,62.0,0.01012,111.677101,47.0933,0.11191,0.0278547,0.000109468
1998V_62.0,0.017173847922640754,14.94597,-0.229945,0.00547942,10.5657,62.0,0.01758,275.655792,15.7021,0.064377,0.0408511,-0.00055378
1998ab_62.0,0.02806320072643679,15.87873,0.22754,0.0847796,10.3527,62.0,0.02731,192.196793,41.9245,0.0743117,0.0272086,0.000248509
1998dx_62.0,0.04980697383631114,17.31279,-1.59626,-0.106585,11.2793,62.0,0.05014,272.7995,49.861301,0.29474,0.0330968,0.00053349
1998ef_57.0,0.016094003710797215,14.59229,-1.01696,-0.0635677,10.3088,57.0,0.01711,15.862,32.236801,0.0578995,0.0417361,-0.000471117
1998ef_62.0,0.016094003710797215,14.57611,-1.19643,-0.110187,10.3088,62.0,0.01711,15.862,32.236801,0.11134,0.029975,0.000214243
19990_1.0,0.24883020736768874,21.12762,-1.31072,-0.0909648,10.628,1.0,0.24988,34.8064,-0.3848,0.33362,0.0455452,0.00500858
19992_1.0,0.22631492912620507,20.89415,0.26487,-0.081993,10.628,1.0,0.2278,357.104187,-1.185,0.55787,0.0473104,0.0104504
1999aa_57.0,0.01578843569946953,14.50504,1.57087,-0.0736092,10.8086,57.0,0.01497,126.925102,21.4874,0.0907025,0.040097,-0.000664298
1999aa_62.0,0.01578843569946953,14.45786,1.17396,-0.106794,10.8086,62.0,0.01497,126.925102,21.4874,0.0342664,0.0256481,-0.000259384
1999ac_57.0,0.009791521151728726,13.86415,0.11098,0.0406233,9.83179,57.0,0.00947,241.8125,7.9723,0.0402364,0.0377394,-0.000398892
1999ac_62.0,0.009791521151728726,13.89608,0.16103,0.0381354,9.83179,62.0,0.00947,241.8125,7.9723,0.0326463,0.0254698,-0.000224612
1999aw_50.0,0.03928308361903118,16.52738,2.26683,-0.0577186,9.41836,50.0,0.038,165.401505,-6.1088,0.0841747,0.026522,-0.000543471
1999cc_62.0,0.031315851008073166,16.51138,-1.60696,-0.0272807,11.2896,62.0,0.03111,240.675095,37.3596,0.0748754,0.0265224,-0.00016901
1999dk_50.0,0.013990777645286927,14.60975,0.54421,0.019292,9.64099,50.0,0.01502,22.8622,14.2849,0.11017,0.0273222,-8.64983e-05
1999dk_57.0,0.013990777645286927,14.52588,-0.329226,-0.00270423,9.64099,57.0,0.01502,22.8622,14.2849,0.0691278,0.0409574,-0.000369925
1999dq_57.0,0.013335319167073834,14.07674,0.82043,-0.0287315,10.854,57.0,0.01413,38.498699,20.9751,0.0397786,0.0418079,-0.000557316
1999dq_62.0,0.013335319167073834,14.12352,0.86663,0.0112277,10.854,62.0,0.01413,38.498699,20.9751,0.0341457,0.0302543,-0.000218561
1999gp_57.0,0.02602408960627398,15.71472,1.38983,-0.0463363,10.9727,57.0,0.02675,37.913101,39.381199,0.11167,0.0421408,-0.000407593
1999gp_62.0,0.02602408960627398,15.8052,1.66138,0.0153367,10.9727,62.0,0.02675,37.913101,39.381199,0.0385322,0.0263509,-0.000253268
2000ca_50.0,0.0245399571068087,15.32374,0.52115,-0.11565,7.0,50.0,0.02361,203.845795,-34.160301,0.0713225,0.0282087,-0.000329163
2000cf_62.0,0.03645326456290523,16.78941,-0.520479,-0.0471176,9.49238,62.0,0.03642,238.2341,65.936897,0.0830824,0.028055,-0.00023789
2000cn_57.0,0.022598404786234445,16.30565,-2.47558,0.0712391,10.7339,57.0,0.02289,269.418396,27.8328,0.10546,0.043449,-0.000581725
2000cn_62.0,0.022598404786234445,16.30108,-2.56473,0.0751575,10.7339,62.0,0.02289,269.418396,27.8328,0.15877,0.0287912,0.000285149
2000dk_57.0,0.01648361087453768,15.0474,-2.44176,-0.0929161,10.0012,57.0,0.01749,16.848,32.406399,0.10186,0.0425869,-0.000532109
2000dk_62.0,0.01648361087453768,15.12067,-2.03848,-0.0369607,10.0012,62.0,0.01749,16.848,32.406399,0.0778101,0.0293729,-0.00011015
2001V_50.0,0.01592090618232636,14.29415,0.86688,-0.0543935,10.9081,50.0,0.01488,179.353897,25.202499,0.0416523,0.0253305,-0.000138411
2001V_63.0,0.01592090618232636,14.32192,0.91446,-0.0327224,10.9081,63.0,0.01488,179.353897,25.202499,0.0800652,0.0258798,2.25971e-06
2001az_63.0,0.04058844204630376,16.70178,1.11507,-0.0812709,10.239,63.0,0.04069,248.615494,76.029701,0.40795,0.0294227,0.00153605
2001ba_50.0,0.03136531511459762,15.93271,0.16331,-0.198625,10.7576,50.0,0.03022,174.507294,-32.330799,0.0917456,0.0411504,-0.000737316
2001bf_57.0,0.015562465751256816,14.40611,0.88145,-0.0869145,10.1288,57.0,0.01587,270.391602,26.250601,0.0519029,0.0413527,-0.000714783
2001bf_63.0,0.015562465751256816,14.52141,0.53614,-0.0189737,10.1288,63.0,0.01587,270.391602,26.250601,0.082308,0.0303489,-0.000351421
2001bt_50.0,0.014068914632184671,15.02758,-0.922972,0.14144,10.7524,50.0,0.01426,288.444794,-59.2897,0.0527427,0.0283511,-0.000110448
2001cn_50.0,0.015084629839125454,15.03928,-0.553543,0.11801,10.0603,50.0,0.01515,281.57431,-65.761597,0.0396263,0.0272578,-0.00028302
2001cz_50.0,0.012752981360306614,14.8246,0.12432,0.0412714,7.0,50.0,0.01178,191.875702,-39.580002,0.0620276,0.0294073,-0.000293966
2001en_57.0,0.015340027093801821,14.77855,-0.766449,-0.0507389,9.47732,57.0,0.01629,21.3454,34.025101,0.0447892,0.0264198,-0.000103434
2001en_63.0,0.015340027093801821,14.86395,-0.964751,0.00614691,9.47732,63.0,0.01629,21.3454,34.025101,0.0745418,0.0289924,-0.000364517
2001ep_57.0,0.013051308625100535,14.59272,-0.894852,0.000829138,9.88173,57.0,0.01312,74.251099,-4.7612,0.0388602,0.0265391,-6.53124e-05
2001ep_63.0,0.013051308625100535,14.66555,-0.953229,0.0601536,9.88173,63.0,0.01312,74.251099,-4.7612,0.0597847,0.0269619,-6.51692e-05
2001fe_63.0,0.014474689305444757,14.42947,0.7426,-0.055329,9.95617,63.0,0.01351,144.4879,25.494801,0.0966855,0.0264338,-0.000432179
2002bf_50.0,0.02494104298793428,16.05948,-0.318008,0.13662,10.3104,50.0,0.02438,153.9263,55.668499,0.13092,0.0319029,0.000528514
2002bf_63.0,0.02494104298793428,15.79782,-2.2722,-0.103208,10.3104,63.0,0.02438,153.9263,55.668499,0.30468,0.0920169,0.0145497
2002de_57.0,0.030496142119672536,16.40918,0.32358,0.0864246,9.07466,57.0,0.03034,244.126602,35.708401,0.0662192,0.0185289,-3.52532e-05
2002dp_57.0,0.010486190352054928,14.19898,-0.883313,0.00688481,10.53,57.0,0.01169,352.126709,22.4289,0.0345477,0.0214399,-0.000138719
2002dp_63.0,0.010486190352054928,14.35863,-0.125605,0.0771438,10.53,63.0,0.01169,352.126709,22.4289,0.22241,0.0293737,0.00179426
2002ha_57.0,0.012204665657160852,14.4697,-1.46565,-0.09141,10.6057,57.0,0.01321,311.827393,0.3127,0.0339224,0.0249002,-0.000199455
2002ha_63.0,0.012204665657160852,14.50298,-1.30067,-0.0732855,10.6057,63.0,0.01321,311.827393,0.3127,0.0739425,0.0320973,-0.00015695
2002he_57.0,0.024693148089698053,15.96582,-1.65619,-0.0613263,10.9809,57.0,0.02441,124.995102,62.820301,0.0587961,0.020798,-5.15225e-05
2002he_63.0,0.024693148089698053,16.02286,-1.66703,-0.0384792,10.9809,63.0,0.02441,124.995102,62.820301,0.17943,0.0330144,0.00196956
2002hu_63.0,0.035910299402791154,16.39712,0.52295,-0.0997907,10.099,63.0,0.0367,34.583599,37.466301,0.0932468,0.0265961,6.72674e-05
2002jy_63.0,0.01869543139258943,15.5135,0.94186,-0.0377928,10.719,63.0,0.0196,20.317801,40.498699,0.10233,0.0276301,-0.000587548
2002kf_63.0,0.01947604095428441,15.45197,-0.988522,-0.0676173,9.26363,63.0,0.0193,99.313797,49.852798,0.0759485,0.0324341,-0.000521667
20039_1.0,0.24538555141430304,21.12096,0.79173,0.0630719,11.428,1.0,0.24681,9.8786,1.0243,0.49675,0.0435652,0.00320061
2003U_63.0,0.02793566332870748,16.2342,-2.12399,-0.0414347,10.2925,63.0,0.0281,260.690186,62.164001,0.32173,0.0335863,0.00300444
2003W_57.0,0.020869180815341427,15.60305,-0.00850695,0.068384,10.9327,57.0,0.01979,146.706207,16.0438,0.0434305,0.0220239,-3.85005e-05
2003W_63.0,0.020869180815341427,15.6446,0.0485911,0.10191,10.9327,63.0,0.01979,146.706207,16.0438,0.0638349,0.0263783,-0.000152692
2003ch_63.0,0.02895413768855849,16.46889,-1.30843,-0.033307,11.2701,63.0,0.02833,109.491302,9.693,0.15207,0.0299843,-0.000550271
2003fa_57.0,0.04015274123445945,16.36391,1.18712,-0.0942873,10.3091,57.0,0.04039,266.032196,40.881001,0.0560137,0.0261246,-7.19816e-05
2003fa_63.0,0.04015274123445945,16.47374,1.50968,-0.052499,10.3091,63.0,0.04039,266.032196,40.881001,0.09639,0.02637,0.000140872
2003iv_63.0,0.03350645104405143,16.79214,-2.07235,-0.0766349,10.8038,63.0,0.03426,42.530201,12.8462,0.18828,0.0367885,-0.000300921
20040_1.0,0.2865526199953281,21.02414,1.11566,-0.105522,10.257,1.0,0.28805,328.879486,0.8151,0.73541,0.0455503,0.00815147
20048_1.0,0.18386862653133773,20.67265,-0.676762,0.0195311,10.86,1.0,0.18531,339.308105,0.7364,0.52153,0.040691,0.0051726
2004L_63.0,0.03344251702038054,17.11213,-1.03269,0.15241,10.1437,63.0,0.03229,156.767105,16.0187,0.24302,0.0321626,0.000112504
2004S_57.0,0.009800081217986138,13.94936,-0.181708,-0.0063801,7.0,57.0,0.0093,101.431297,-31.231199,0.0556802,0.0317263,-0.000508297
2004as_57.0,0.03249538285008543,16.65277,-0.251932,0.0272955,8.76504,57.0,0.03139,171.4133,22.8304,0.0872692,0.0190242,0.000126786
2004as_63.0,0.03249538285008543,16.69881,0.42134,0.021543,8.76504,63.0,0.03139,171.4133,22.8304,0.13801,0.028066,8.83673e-05
2004eo_5.0,0.014199790306035985,14.75941,-1.23185,-0.0420292,9.18868,5.0,0.01517,308.2258,9.9285,0.0209462,0.0263666,-0.000197547
2004gs_5.0,0.028295571757519504,16.88194,-1.88149,0.0991046,10.7301,5.0,0.0274,129.596603,17.627701,0.0319568,0.0228313,-0.000177079
2004gu_5.0,0.04669892095268185,17.1781,1.42917,0.0698148,10.026,5.0,0.04558,191.602997,11.9489,0.0593029,0.0225839,-0.000306168
2005ag_5.0,0.08024215901250378,18.18671,0.28209,-0.0744533,10.69,5.0,0.07954,224.1819,9.3285,0.0504072,0.0236646,-0.000216107
2005al_5.0,0.016286413613090977,14.60955,-1.25264,-0.149074,10.2599,5.0,0.01538,207.501404,-30.5762,0.0311412,0.0238989,-0.000288557
2005bg_5.0,0.02414377673277369,15.58639,0.38747,-0.0606147,9.73321,5.0,0.02303,184.321594,16.371599,0.0573644,0.0219388,-0.000267834
2005bo_5.0,0.015032243856887924,15.37969,-1.12409,0.19426,7.89478,5.0,0.01389,192.421005,-11.0965,0.11789,0.0236575,-0.000183024
2005bo_57.0,0.015032243856887924,15.43017,-1.1289,0.22259,7.89478,57.0,0.01389,192.421005,-11.0965,0.10042,0.0283003,-0.000288131
2005el_57.0,0.014824901458678598,14.62669,-1.31973,-0.141785,8.06485,57.0,0.01484,77.953003,5.1943,0.0487619,0.0290671,-0.000269555
2005el_64.0,0.014824901458678598,14.6716,-1.37084,-0.101843,8.06485,64.0,0.01484,77.953003,5.1943,0.0341489,0.0324739,-0.00031759
2005eq_5.0,0.0283065447143395,16.03928,1.43934,-0.0181258,10.3697,5.0,0.02893,47.205502,-7.0332,0.0542092,0.0243797,-0.000363008
2005eq_57.0,0.0283065447143395,16.00043,1.50904,-0.010084,10.3697,57.0,0.02893,47.205502,-7.0332,0.089028,0.0252012,-0.000136818
2005eq_64.0,0.0283065447143395,16.05101,1.30814,-0.0221446,10.3697,64.0,0.02893,47.205502,-7.0332,0.0762289,0.0287694,-0.000452898
2005eu_57.0,0.03368043756751137,16.12936,0.0981922,-0.189571,8.86794,57.0,0.03449,36.930302,28.1768,0.0693618,0.0326904,-0.000370072
2005eu_64.0,0.03368043756751137,16.25077,0.85504,-0.0835111,8.86794,64.0,0.03449,36.930302,28.1768,0.0963756,0.0352788,5.0757e-05
2005hc_5.0,0.04495375143792628,17.03381,0.7928,-0.0581079,7.0,5.0,0.04592,29.1998,-0.2137,0.0382443,0.0221653,-0.00018788
2005hc_64.0,0.04495375143792628,17.12294,0.42521,-0.0265525,7.0,64.0,0.04592,29.1998,-0.2137,0.11499,0.0277736,-0.000112077
2005iq_5.0,0.032911534586621764,16.49168,-1.16049,-0.126797,10.49,5.0,0.03404,359.635406,-18.7092,0.0437102,0.0219644,-0.000161599
2005iq_64.0,0.032911534586621764,16.55372,-1.11399,-0.0985357,10.49,64.0,0.03404,359.635406,-18.7092,0.11021,0.0275847,-0.000145681
2005ir_5.0,0.0748869593707561,18.15927,0.72205,-0.0258232,9.78987,5.0,0.07602,19.182501,0.7946,0.12811,0.0236779,-7.34961e-05
2005kc_5.0,0.01385113841824046,15.2457,-0.756322,0.13431,10.6541,5.0,0.01509,338.530609,5.5684,0.0373808,0.0292275,-0.000250758
2005kc_64.0,0.01385113841824046,15.42236,-0.394289,0.22174,10.6541,64.0,0.01509,338.530609,5.5684,0.0657849,0.0333742,-0.00010633
2005ki_5.0,0.02065988681115416,15.28529,-1.45192,-0.10876,11.0605,5.0,0.01946,160.117599,9.2023,0.0309865,0.022667,-0.000197784
2005ki_51.0,0.02065988681115416,15.26675,-1.30129,-0.0722997,11.0605,51.0,0.01946,160.117599,9.2023,0.11141,0.0300764,1.06729e-05
2005ki_64.0,0.02065988681115416,15.31991,-1.61047,-0.106098,11.0605,64.0,0.01946,160.117599,9.2023,0.0584238,0.0300155,-0.000215251
2005lz_64.0,0.04540125874947774,17.39712,-1.22727,0.0596001,11.0342,64.0,0.04624,32.707298,34.9828,0.12822,0.03192,-0.000161545
2005ms_64.0,0.02595502677879001,15.89039,0.43692,-0.0555835,8.49436,64.0,0.02522,132.309799,36.130001,0.0770263,0.0269138,-9.39526e-05
2005na_5.0,0.027174889187755454,15.64859,-0.435652,-0.130216,8.83614,5.0,0.02665,105.402603,14.1333,0.0307477,0.024077,-0.00015282
2005na_57.0,0.027174889187755454,15.72874,-0.319979,-0.0875723,8.83614,57.0,0.02665,105.402603,14.1333,0.0824373,0.0245148,-7.2143e-05
2005na_64.0,0.027174889187755454,15.80672,-0.361526,-0.0733968,8.83614,64.0,0.02665,105.402603,14.1333,0.0979773,0.0315849,-2.34642e-05
20064_1.0,0.10350875769378838,19.00636,0.81627,0.0574635,10.7045,1.0,0.10484,358.586212,-0.9176,0.18168,0.0238525,0.000654757
2006N_64.0,0.01415177238516445,14.85487,-2.01175,-0.0592516,9.70642,64.0,0.01416,92.130203,64.723602,0.0652462,0.0304711,-0.000268532
2006S_64.0,0.03310292589025847,16.57889,0.8864,0.023002,10.2024,64.0,0.03224,191.412903,35.0868,0.0671473,0.0263367,-0.000236704
2006ac_57.0,0.023952348727186285,15.74974,-0.782527,-0.0433597,11.1921,57.0,0.02309,190.436905,35.0686,0.12179,0.0287232,-0.000438417
2006ac_64.0,0.023952348727186285,15.88251,-0.998087,0.0109659,11.1921,64.0,0.02309,190.436905,35.0686,0.0662869,0.0263269,-9.24927e-05
2006al_64.0,0.06907857331418517,18.12204,-1.43923,-0.120727,10.5011,64.0,0.0678,159.867798,5.1834,0.28126,0.0357973,-0.00177171
2006ax_5.0,0.017740859771016984,14.75045,0.16897,-0.127493,10.997,5.0,0.01649,171.014404,-12.2914,0.0236285,0.0215946,-0.000158055
2006ax_64.0,0.017740859771016984,14.81688,0.28118,-0.0913965,10.997,64.0,0.01649,171.014404,-12.2914,0.0373162,0.0265441,-0.000142991
2006az_64.0,0.031581855273478496,16.20888,-1.42383,-0.106375,11.1124,64.0,0.03103,183.061203,56.179401,0.0446348,0.0265973,-0.000160482
2006bh_5.0,0.01041882685632034,14.06392,-1.68127,-0.0951469,10.501,5.0,0.01077,340.067108,-66.4851,0.0376727,0.023054,-0.000156441
2006bq_64.0,0.02225079926590572,15.94077,-1.67036,0.0268046,11.2189,64.0,0.02271,279.9953,39.982399,0.0698809,0.0281807,-0.000134226
2006bt_5.0,0.03241224078839612,16.66781,0.22867,0.0838868,10.8988,5.0,0.03208,239.127197,20.046,0.0420434,0.0224494,-0.000260667
2006bt_57.0,0.03241224078839612,16.65418,0.30314,0.0706836,10.8988,57.0,0.03208,239.127197,20.046,0.12108,0.0280932,-2.17092e-05
2006bt_64.0,0.03241224078839612,16.66935,0.18417,0.0644113,10.8988,64.0,0.03208,239.127197,20.046,0.0713111,0.0267389,-0.000227852
2006cp_57.0,0.0233425248648801,15.61425,0.0423766,-0.0164404,8.32354,57.0,0.02229,184.811996,22.427299,0.0951189,0.0259418,0.000131654
2006cp_64.0,0.0233425248648801,15.72715,0.32303,0.0565451,8.32354,64.0,0.02229,184.811996,22.427299,0.0754738,0.0275815,-0.000191197
2006ej_5.0,0.019254188434367256,15.45081,-1.52252,-0.0439125,10.1949,5.0,0.02038,9.749,-9.0157,0.0460251,0.0269766,-0.000431412
2006ej_56.0,0.019254188434367256,15.59596,-1.2573,0.0577325,10.1949,56.0,0.02038,9.749,-9.0157,0.2156,0.0519458,-2.56784e-05
2006ej_57.0,0.019254188434367256,15.4897,-1.65658,-0.0457634,10.1949,57.0,0.02038,9.749,-9.0157,0.0798126,0.0285453,-0.000295711
2006ej_64.0,0.019254188434367256,15.49242,-1.0906,-0.029543,10.1949,64.0,0.02038,9.749,-9.0157,0.0795822,0.0287293,-0.000603688
2006et_5.0,0.02139930472020118,15.69772,0.74714,0.1084,10.1464,5.0,0.0224,10.6909,-23.558399,0.0334652,0.0214983,-0.000199402
2006et_64.0,0.02139930472020118,15.70728,0.78862,0.12001,10.1464,64.0,0.0224,10.6909,-23.558399,0.14383,0.0289766,-3.28274e-05
2006gr_57.0,0.033515180320290563,16.70595,0.81322,0.065043,10.0957,57.0,0.03467,338.094513,30.828699,0.0967264,0.029857,0.000218212
2006gr_64.0,0.033515180320290563,16.74358,0.80323,0.0717389,10.0957,64.0,0.03467,338.094513,30.828699,0.0687418,0.0290833,-0.000203563
2006mo_64.0,0.036157393945158746,17.16622,-2.1933,0.00981491,10.793,64.0,0.03719,11.6606,36.332699,0.11243,0.0311687,-0.00057825
2006oa_64.0,0.061410396510177795,17.63858,1.27481,-0.0164351,8.11091,64.0,0.06257,320.928894,-0.8435,0.23874,0.029345,0.00117353
2006ob_5.0,0.05760227945640173,17.93863,-2.16098,-0.0440568,11.0302,5.0,0.0586,27.9506,0.2633,0.10318,0.0259351,-0.0003801
2006ob_64.0,0.05760227945640173,17.96935,-2.38342,-0.0215608,11.0302,64.0,0.0586,27.9506,0.2633,0.15248,0.0305537,5.79939e-05
2006on_64.0,0.07066842615055074,18.25336,0.95018,0.0885657,10.2479,64.0,0.07191,328.993713,-1.0702,0.705,0.0486907,0.0105852
2006qo_64.0,0.028709517315953947,16.58146,0.38443,0.16289,11.1792,64.0,0.02837,120.034897,56.368801,0.0598377,0.0276607,-9.77536e-05
2006sr_64.0,0.02306199250149113,15.91444,-1.36612,-0.015239,10.7951,64.0,0.02425,0.8959,23.196199,0.117,0.031519,1.96782e-05
2006td_64.0,0.015037305488871345,15.49677,-1.37917,0.0906748,9.15931,64.0,0.01588,29.565701,36.3494,0.10972,0.0300407,-0.000196717
2007F_51.0,0.024206642782199805,15.65593,0.40579,-0.0121227,9.63941,51.0,0.02362,195.812805,50.618801,0.10875,0.0263001,0.000178283
2007F_64.0,0.024206642782199805,15.61669,0.53061,-0.0682132,9.63941,64.0,0.02362,195.812805,50.618801,0.0407449,0.0258497,-0.00017642
2007ae_64.0,0.06484375031808462,17.54013,1.75915,-0.0125416,10.8837,64.0,0.06499,255.466507,79.031799,0.28665,0.0317132,-0.000475577
2007bc_5.0,0.02186690823235552,15.56411,-1.09301,-0.0356475,10.5792,5.0,0.02075,169.810699,20.809,0.0335827,0.0220476,-0.000156761
2007bc_57.0,0.02186690823235552,15.60761,-1.01193,-0.0206806,10.5792,57.0,0.02075,169.810699,20.809,0.0610974,0.0251877,-0.000233228
2007bc_64.0,0.02186690823235552,15.63614,-1.28476,-0.0206249,10.5792,64.0,0.02075,169.810699,20.809,0.0813097,0.028723,-0.00015118
2007bd_5.0,0.03141089028205647,16.25455,-1.07849,-0.102398,10.4344,5.0,0.03044,127.888702,-1.1994,0.0387387,0.023026,-0.0001799
2007bd_51.0,0.03141089028205647,16.29029,-1.2054,-0.0567021,10.4344,51.0,0.03044,127.888702,-1.1994,0.22471,0.0331885,0.000573057
2007bd_64.0,0.03141089028205647,16.32022,-1.4426,-0.054047,10.4344,64.0,0.03044,127.888702,-1.1994,0.0653199,0.0270016,-0.000161018
2007ci_57.0,0.02295642245101685,15.65998,-2.4632,-0.0443031,10.8379,57.0,0.02184,176.440994,19.7705,0.0970653,0.0271358,0.000175524
2007ci_64.0,0.02295642245101685,15.62852,-2.79197,0.0122428,10.8379,64.0,0.02184,176.440994,19.7705,0.0970347,0.0283858,0.000210572
2007co_56.0,0.026549533372464053,16.23232,-0.697511,0.0666944,9.81719,56.0,0.02696,275.765015,29.8971,0.37661,0.0589905,0.00200815
2007co_57.0,0.026549533372464053,16.2334,-0.0658615,0.0219757,9.81719,57.0,0.02696,275.765015,29.8971,0.0557079,0.0305724,-0.000183369
2007co_64.0,0.026549533372464053,16.23738,-0.210051,0.0547657,9.81719,64.0,0.02696,275.765015,29.8971,0.0621511,0.030725,-5.96165e-05
2007cq_56.0,0.024810084289344184,15.64834,-0.13142,-0.00615694,9.36898,56.0,0.02604,333.668488,5.0803,0.34467,0.0544156,0.00135261
2007cq_57.0,0.024810084289344184,15.56624,-0.3274,-0.113141,9.36898,57.0,0.02604,333.668488,5.0803,0.0661981,0.0299854,-0.000388668
2007cq_64.0,0.024810084289344184,15.5833,-0.689247,-0.0614043,9.36898,64.0,0.02604,333.668488,5.0803,0.11692,0.0298046,2.94163e-05
2007qe_57.0,0.02279135089840389,15.74935,0.34568,-0.0165805,8.34246,57.0,0.02396,358.554108,27.4093,0.0699344,0.0268855,3.09335e-05
2007qe_64.0,0.02279135089840389,15.80939,0.68284,0.0447819,8.34246,64.0,0.02396,358.554108,27.4093,0.0452604,0.0265218,-6.7233e-05
20084_1.0,0.13833182218653042,20.31041,0.0787012,0.14895,9.92013,1.0,0.13973,347.975311,-0.5781,0.28687,0.0307528,0.00181547
20088_1.0,0.24314472658919936,20.67252,-0.210518,-0.159331,11.383,1.0,0.24453,13.2052,0.6315,0.21212,0.0317772,0.000486896
2008bf_5.0,0.024515935160955866,15.40587,0.39564,-0.14861,10.3728,5.0,0.02342,181.0121,20.245199,0.0281916,0.0216875,-0.000198513
2008bf_57.0,0.024515935160955866,15.47079,0.31545,-0.149234,10.3728,57.0,0.02342,181.0121,20.245199,0.0661444,0.0266526,-0.000267058
2008bf_64.0,0.024515935160955866,15.451,0.33607,-0.0561993,10.3728,64.0,0.02342,181.0121,20.245199,0.0681492,0.0264413,-0.000157122
20106_1.0,0.33136202385211605,21.79332,-1.04485,-0.106083,10.277,1.0,0.333,346.554291,0.329,0.76361,0.0695354,0.0145264
20111_1.0,0.2426703840878484,21.1628,-0.0250661,0.0155822,10.934,1.0,0.24419,354.394409,0.2481,0.61626,0.0450761,0.00688782
20142_1.0,0.31257941460436395,21.05317,1.27633,-0.0877144,9.365,1.0,0.3139,23.0082,-0.4297,0.65075,0.0397703,0.00524123
2017_1.0,0.2616217362626321,21.06532,1.4185,-0.102401,10.547,1.0,0.26309,328.943298,0.5935,0.57152,0.049608,-0.000233717
20227_1.0,0.2757316634924065,21.26573,-1.22544,-0.136189,11.046,1.0,0.2773,349.119995,-0.0985,0.55655,0.0470204,0.00429013
20245_1.0,0.2872240687157475,21.45792,-0.694772,0.077783,11.5,1.0,0.2888,341.705505,0.7563,0.92588,0.0565307,0.0162615
2031_1.0,0.1518575363743217,19.44877,0.48801,-0.12821,9.204,1.0,0.153,312.043213,-1.1714,0.14271,0.0242661,2.56833e-06
20364_1.0,0.2172796871875438,20.85557,0.54349,0.0296761,10.389,1.0,0.21846,25.756599,-0.9455,0.88866,0.0419104,0.00191133
20430_1.0,0.16593287029774595,20.53095,-1.19771,0.0226528,7.0,1.0,0.1671,312.416809,0.4686,0.524,0.0342669,0.0038691
20625_1.0,0.10683450531340274,19.22987,-0.101771,-0.000836973,10.0166,1.0,0.10813,5.6834,-0.479,0.20648,0.0236751,0.00136706
20687_1.0,0.19025291752477777,20.85771,-0.621992,0.14919,10.976,1.0,0.19154,16.7181,1.1541,0.76676,0.046655,0.0116549
20764_1.0,0.16477245383644015,20.02126,-1.41288,-0.107752,11.011,1.0,0.1659,26.1208,0.2298,0.40086,0.0297338,0.00351663
21006_1.0,0.29240376057206036,21.10496,-0.124814,-0.125515,7.0,1.0,0.2932,47.941799,0.0919,0.80076,0.040733,0.00736975
2102_1.0,0.09400832328479261,18.42676,1.23114,-0.10477,8.34239,1.0,0.0951,312.220886,0.1911,0.18784,0.0240926,-0.000772203
21033_1.0,0.23005319375245875,20.75242,-0.729683,-0.0863351,7.0,1.0,0.2312,28.8137,0.6431,0.55506,0.0413053,0.00530031
21034_1.0,0.10750549847708313,19.33962,0.0644778,0.0355517,10.0033,1.0,0.10855,28.141399,1.2441,0.29463,0.0240492,0.00159933
21042_1.0,0.30954683960823476,21.14589,1.25663,-0.0895511,9.374,1.0,0.3109,315.011597,0.8276,0.77099,0.0526259,0.00829441
21062_1.0,0.13728524875760253,20.11277,0.72242,0.0191827,8.95999,1.0,0.13864,333.43161,0.3963,0.35017,0.0322706,0.0030416
2165_1.0,0.2888152952398122,21.35112,0.48479,-0.122793,9.485,1.0,0.2902,17.0917,-0.0962,0.57862,0.043699,0.00559717
22075_1.0,0.12899430004060633,19.67565,-1.67195,-0.0314577,10.7935,1.0,0.13003,29.9631,1.2165,0.34975,0.0299538,0.00276955
2246_1.0,0.19421557213363774,20.74673,0.32908,0.0756265,10.798,1.0,0.1949,50.090401,-0.8856,0.36574,0.0370466,0.00204663
2308_1.0,0.14922236419301957,19.34384,0.67412,-0.185917,10.3812,1.0,0.1502,34.2729,0.2803,0.12514,0.022009,7.86605e-05
2372_1.0,0.17958917575285901,20.31281,0.30922,0.0286165,10.597,1.0,0.18047,40.520699,-0.5409,0.21508,0.028589,0.000283764
2422_1.0,0.2656875360582337,20.90254,1.03624,-0.170282,9.371,1.0,0.2672,1.9945,0.6382,0.32827,0.0406369,0.000612333
2440_1.0,0.19029044934432762,20.40176,0.42606,-0.0828954,10.325,1.0,0.19114,42.633701,0.8078,0.29467,0.0299028,0.000808738
2533_1.0,0.34099950671045426,21.51406,1.77606,-0.0797357,9.755,1.0,0.3422,31.220699,-0.3265,0.72004,0.0531398,0.0073461
2561_1.0,0.11740649629082628,19.55223,-0.0890938,0.0415915,7.0,1.0,0.11813,46.343399,0.8584,0.11464,0.0264243,0.000154901
2635_1.0,0.14310331422946324,19.59791,0.85923,-0.0457487,9.59628,1.0,0.1437,52.7043,-1.2381,0.1362,0.0255358,8.06264e-05
2689_1.0,0.16035132436944335,20.00338,1.3874,0.0813735,11.351,1.0,0.16149,24.900299,-0.7587,0.19776,0.0285,0.000253271
2789_1.0,0.28889703141198964,21.31871,-0.791314,-0.105114,11.224,1.0,0.29048,344.201508,0.4011,0.5506,0.0548259,0.00619451
2916_1.0,0.12302845708866265,19.76568,-0.749253,0.0716443,9.77924,1.0,0.1242,315.921692,0.5696,0.23346,0.035817,0.0032464
2943_1.0,0.26404661306535904,21.11955,0.56901,-0.0241898,7.0,1.0,0.2654,17.704901,1.0079,0.43619,0.047127,-0.000215827
2992_1.0,0.126082451519665,19.82496,-0.956571,0.10938,9.72723,1.0,0.12661,55.497002,-0.7827,0.14202,0.0307759,0.000120276
3080_1.0,0.17315073581199242,19.9993,0.10905,-0.0460425,10.961,1.0,0.17441,16.932301,-1.0395,0.19262,0.0242783,0.000552587
3087_1.0,0.16430431839128995,20.01666,0.52853,0.00811607,9.664,1.0,0.16551,20.4067,-0.9772,0.19265,0.0251002,0.000707669
3199_1.0,0.24961045165878523,21.29612,1.65143,0.0118526,7.0,1.0,0.2511,333.292694,1.0505,0.38018,0.040124,0.00201029
3317_1.0,0.15989904276226363,20.10331,-0.521071,0.0229234,10.054,1.0,0.16101,26.962601,0.6406,0.18482,0.0255921,0.000218334
3377_1.0,0.24447803601657292,20.57872,1.0447,-0.0768322,9.666,1.0,0.2451,54.1562,1.0792,0.31262,0.0373942,0.00061568
3451_1.0,0.2483477895435679,20.71255,0.69046,-0.0526996,10.839,1.0,0.24984,334.069214,0.7081,0.32834,0.0387395,0.000758576
3452_1.0,0.22966656886262474,20.56559,0.90942,-0.0903048,9.23,1.0,0.23114,334.671509,0.6392,0.27319,0.0368977,0.00124977
3592_1.0,0.08543428119569688,18.51669,-0.153731,-0.039793,10.1853,1.0,0.08658,19.052401,0.7919,0.0714652,0.0205398,6.77686e-05
4000_1.0,0.27655350194810585,21.63998,-1.09129,-0.00716726,10.919,1.0,0.2777,31.016001,-0.3658,0.61037,0.0624794,0.0058673
4046_1.0,0.2776367031827945,21.26662,0.80612,-0.000196899,9.359,1.0,0.2792,354.498291,0.6421,0.52843,0.0444821,0.00129581
4241_1.0,0.3305112886244885,21.70159,0.23506,-0.0542889,9.261,1.0,0.332,12.2377,-0.9057,0.66919,0.0558939,0.00718024
5103_1.0,0.16059107804595132,20.11078,-0.229473,0.0199332,9.086,1.0,0.16199,359.884491,0.7372,0.15276,0.0273148,0.000775398
5391_1.0,0.3002116567710741,21.48249,0.31208,-0.0219436,9.299,1.0,0.3009,52.341999,-1.0947,0.59078,0.0583387,0.00682233
5395_1.0,0.11634766693701389,19.2338,1.18355,-0.0141342,8.49999,1.0,0.117,49.6409,0.1233,0.13593,0.0236988,0.000279285
5533_1.0,0.21886438994297758,20.95629,-0.502697,0.00667533,9.959,1.0,0.22028,328.670013,0.4134,0.40223,0.0419671,0.00401537
5549_1.0,0.11991043972982945,19.40091,0.25819,0.00706986,8.5812,1.0,0.12124,3.2505,0.2482,0.0981097,0.022316,0.000311121
5550_1.0,0.15492092147814343,19.61321,1.90274,-0.0481003,9.564,1.0,0.15629,3.5983,0.3331,0.19643,0.0218886,0.000346616
5635_1.0,0.17838918857683259,20.67587,0.067257,-0.0234313,9.483,1.0,0.17979,333.1828,-0.0349,0.4076,0.0384662,0.0049779
5717_1.0,0.25036693867659604,21.08078,1.28131,-0.0434571,9.431,1.0,0.2517,17.896,-0.0059,0.43529,0.0393978,0.0048206
5736_1.0,0.2539368785906303,21.15521,-0.18853,-0.00957992,10.474,1.0,0.2552,22.8627,-0.6316,0.3169,0.0362588,0.00230249
5751_1.0,0.12928529747726644,19.89192,0.76202,0.15562,10.1354,1.0,0.13056,11.6342,0.8382,0.14618,0.0247846,0.000721652
5844_1.0,0.3092922349315355,21.39122,0.1473,-0.138414,7.0,1.0,0.3108,327.786194,-0.8429,0.88019,0.0614892,0.0204789
5957_1.0,0.2792333442056713,21.19381,-0.167927,-0.121032,10.463,1.0,0.28031,34.760601,-0.2728,0.44075,0.0419123,0.00540612
5994_1.0,0.18800997194288396,20.25933,0.7476,-0.0623552,7.0,1.0,0.1892,312.6026,-0.1679,0.26631,0.0309876,0.00149608
6057_1.0,0.0665093910970533,18.44151,-0.423267,0.11238,9.52798,1.0,0.06707,52.5536,-0.9746,0.10888,0.0287902,-6.67907e-05
6108_1.0,0.2579963996933325,21.295,0.45804,0.0380935,9.323,1.0,0.2595,1.8066,0.349,0.65144,0.044556,0.00781766
6137_1.0,0.29887718489246573,21.31234,0.46651,-0.139126,7.0,1.0,0.3001,307.936096,0.2448,0.77581,0.0540907,0.00570944
6196_1.0,0.27979358736025944,21.31883,-1.44873,-0.0110106,11.406,1.0,0.28134,337.631195,-0.5027,0.5926,0.0470827,0.0072991
6249_1.0,0.29352746342168623,21.53476,0.60496,0.0321888,10.047,1.0,0.29506,3.2656,-0.6201,0.70178,0.0475619,0.00788014
6304_1.0,0.18979141870407046,20.69569,-0.477836,0.0699757,10.656,1.0,0.19094,26.497601,1.196,0.39137,0.0294662,0.000651798
6315_1.0,0.26576236799541153,20.69728,-0.098044,-0.190793,9.72,1.0,0.267,310.482788,1.092,0.37082,0.0387751,0.00161131
6406_1.0,0.12376287771920202,19.38224,0.12939,-0.000357532,10.0062,1.0,0.12449,46.0886,-1.063,0.13322,0.0234071,0.000516246
6422_1.0,0.1849950779800254,20.02322,0.81936,-0.110554,9.765,1.0,0.18645,349.138794,-0.6632,0.21517,0.0240292,0.000387408
6649_1.0,0.31508048606615896,21.33823,0.75536,-0.0887548,7.0,1.0,0.3162,34.275902,0.5348,0.62337,0.044746,0.00535651
6699_1.0,0.3091471970973801,21.55398,-0.64651,-0.131867,10.655,1.0,0.3106,322.815002,-1.057,0.88804,0.0498379,0.0114582
6780_1.0,0.20266886613672713,20.74163,-1.74956,-0.0279365,11.272,1.0,0.20406,328.068604,0.2671,0.38835,0.0458214,0.00462795
6924_1.0,0.3285929716619461,21.38867,0.96541,-0.0717763,7.0,1.0,0.3302,358.969299,0.877,0.79343,0.0429586,0.00884579
6933_1.0,0.21382627142120772,20.57393,0.0845125,-0.0223158,7.0,1.0,0.2152,11.3517,1.0756,0.23882,0.0326509,0.00102712
6936_1.0,0.17889602669238552,20.32255,0.045589,-0.0194616,10.259,1.0,0.18021,323.233795,-0.6998,0.31239,0.0292819,0.00144435
7143_1.0,0.30353940709850363,21.81092,-0.460854,0.0162518,10.28,1.0,0.30514,345.26239,-0.2074,0.6491,0.0453205,0.00495784
7147_1.0,0.10885726734242553,19.22529,-1.94961,-0.0933945,10.039,1.0,0.11022,350.018494,-0.0554,0.15735,0.0241763,0.00026842
7243_1.0,0.2032275109359272,20.56911,0.74462,-0.0160917,9.225,1.0,0.20462,328.079102,0.4719,0.39134,0.041619,0.00320372
744_1.0,0.12693724337052129,19.57452,1.39569,0.0732115,9.90923,1.0,0.12825,329.198486,0.3175,0.31642,0.0337558,0.000687979
7475_1.0,0.3226433705048285,21.27854,0.68821,-0.170281,7.0,1.0,0.3242,4.7535,-0.2815,0.59901,0.0407565,0.00495899
7512_1.0,0.22054532285340914,20.88186,0.5115,-0.00100282,7.0,1.0,0.2212,52.090302,-0.3261,0.37729,0.0397407,0.00226012
762_1.0,0.19008510658016484,20.37892,1.13375,-0.0384282,11.236,1.0,0.19138,15.5353,-0.879,0.27274,0.0309419,0.000690784
7779_1.0,0.37986185215806534,21.68269,0.32675,-0.147113,11.174,1.0,0.3812,310.0802,-0.0072,0.91593,0.0505951,0.013638
7847_1.0,0.21159681976014566,20.95367,0.15361,0.12339,10.696,1.0,0.21266,32.4599,-0.0618,0.39907,0.0358583,0.00340139
8046_1.0,0.25759764934154145,21.36582,0.26195,0.0424881,11.335,1.0,0.25857,39.116798,0.5113,0.49235,0.0474957,0.00398901
8213_1.0,0.18467612458526442,20.85965,-0.647946,0.16146,10.522,1.0,0.18611,357.520905,-0.9214,0.34005,0.0387229,0.00270909
8495_1.0,0.21352690329860197,20.58441,0.76464,-0.0203134,11.034,1.0,0.21498,335.260986,-0.7482,0.47104,0.0427509,0.00673051
8719_1.0,0.11627987633725548,19.16871,0.0177272,-0.062751,8.80164,1.0,0.11757,7.7215,-0.7188,0.16355,0.0234217,0.00122473
8921_1.0,0.1440950306901572,19.71655,0.73414,-7.98111e-06,9.52063,1.0,0.14539,325.002014,-0.0079,0.26961,0.0319929,0.000237754
9032_1.0,0.2524853384397009,21.11175,0.87784,0.0231935,9.252,1.0,0.254,337.884613,-0.4936,0.62191,0.0529624,0.0100474
9457_1.0,0.25671853090156815,21.2049,-0.334178,-0.0168963,11.129,1.0,0.25823,335.814392,0.253,0.60312,0.0610055,0.0103871
9467_1.0,0.21884978595076807,20.83264,-1.38838,-0.137949,10.93,1.0,0.22027,328.951385,1.1808,0.38099,0.057419,0.00589448
Aphrodite_100.0,1.2991206226995233,25.43936,0.62301,-0.056718,8.76,100.0,1.30001,53.1563,-27.7796,0.34804,0.0502184,0.00547882
Eagle_100.0,1.0198076813867412,24.66132,0.17306,-0.157238,9.77,100.0,1.019,189.336502,62.228199,0.28383,0.0583895,0.00689064
Elvis_100.0,0.8397349635391613,24.06779,-0.230878,-0.0432509,7.0,100.0,0.839,189.451401,62.226501,0.30216,0.0376446,-0.000326137
Gabi_100.0,1.120851267124196,24.86021,0.5904,-0.125109,8.54,100.0,1.12,189.057602,62.202099,0.30512,0.0522188,0.00659014
Lancaster_100.0,1.2358954678878198,25.77432,-0.135575,0.0446718,10.7,100.0,1.235,189.236298,62.214802,0.66286,0.0456112,0.00553552
Ombo_100.0,0.9742342044149167,24.58303,1.71255,-0.0589777,9.25,100.0,0.975,53.105598,-27.750799,0.29302,0.0429641,0.00445788
Vilas_100.0,0.9357751925365064,24.18489,-0.0274095,-0.0417679,11.1,100.0,0.935,189.370804,62.191101,0.27384,0.0566123,-0.0028411
